Rk,Name,Age,Tm▲,Lg,W,L,W-L%,ERA,G,GS,GF,CG,SHO,SV,IP,H,R,ER,HR,BB,IBB,SO,HBP,BK,WP,BF,ERA+,FIP,WHIP,H9,HR9,BB9,SO9,SO/W
1,Alex Young*\youngal01,26,ARI,NL,1,0,1.000,3.00,6,0,0,0,0,0,9.0,7,3,3,3,2,0,9,0,0,0,37,154,6.03,1.000,7.0,3.0,2.0,9.0,4.50
2,Taylor Widener\widenta01,25,ARI,NL,0,0,,3.12,4,0,2,0,0,0,8.2,4,3,3,2,4,0,10,2,0,0,35,148,5.80,0.923,4.2,2.1,4.2,10.4,2.50
3,Luke Weaver\weavelu01,26,ARI,NL,0,3,.000,12.19,3,3,0,0,0,0,10.1,16,14,14,5,6,0,14,1,0,0,53,38,8.64,2.129,13.9,4.4,5.2,12.2,2.33
4,Hector Rondon\rondohe01,32,ARI,NL,1,0,1.000,10.13,7,0,1,0,0,0,5.1,7,6,6,3,5,1,7,0,0,0,28,47,10.53,2.250,11.8,5.1,8.4,11.8,1.40
5,Robbie Ray*\rayro02,28,ARI,NL,1,2,.333,10.59,4,4,0,0,0,0,17.0,22,20,20,7,14,1,23,0,0,2,87,43,8.14,2.118,11.6,3.7,7.4,12.2,1.64
6,Yoan López\lopezyo01,27,ARI,NL,0,0,,4.15,5,0,4,0,0,0,4.1,3,2,2,1,2,0,3,0,0,0,17,115,6.03,1.154,6.2,2.1,4.2,6.2,1.50
7,Merrill Kelly\kellyme01,31,ARI,NL,2,1,.667,2.29,3,3,0,0,0,0,19.2,18,5,5,4,1,0,15,0,0,0,76,197,4.30,0.966,8.2,1.8,0.5,6.9,15.00
8,Carson Kelly\kellyca02,25,ARI,NL,0,0,,0.00,1,0,1,0,0,0,1.0,1,0,0,0,0,0,0,0,0,0,4,,3.03,1.000,9.0,0.0,0.0,0.0,
9,Junior Guerra\guerrju02,35,ARI,NL,1,0,1.000,0.00,7,0,3,0,0,0,6.2,0,0,0,0,2,0,4,0,0,0,22,,2.73,0.300,0.0,0.0,2.7,5.4,2.00
10,Kevin Ginkel\ginkeke01,26,ARI,NL,0,0,,9.00,6,0,0,0,0,0,5.0,8,5,5,1,4,1,6,0,0,2,26,53,5.63,2.400,14.4,1.8,7.2,10.8,1.50
11,Zac Gallen\galleza01,24,ARI,NL,0,0,,2.81,3,3,0,0,0,0,16.0,13,5,5,3,7,0,21,1,0,0,67,161,4.34,1.250,7.3,1.7,3.9,11.8,3.00
12,Stefan Crichton\crichst01,28,ARI,NL,0,0,,2.57,8,0,0,0,0,0,7.0,9,2,2,1,3,0,10,0,0,0,33,181,3.31,1.714,11.6,1.3,3.9,12.9,3.33
13,Taylor Clarke\clarkta01,27,ARI,NL,0,0,,2.79,3,0,1,0,0,0,9.2,2,3,3,1,3,1,8,0,0,0,32,164,3.65,0.517,1.9,0.9,2.8,7.4,2.67
14,Andrew Chafin*\chafian01,30,ARI,NL,0,1,.000,10.38,8,0,0,0,0,0,4.1,5,5,5,1,4,0,7,0,0,0,21,46,5.57,2.077,10.4,2.1,8.3,14.5,1.75
15,Madison Bumgarner*\bumgama01,30,ARI,NL,0,3,.000,9.35,4,4,0,0,0,0,17.1,20,19,18,7,7,1,13,4,0,0,83,48,8.68,1.558,10.4,3.6,3.6,6.8,1.86
16,Archie Bradley\bradlar01,27,ARI,NL,1,0,1.000,1.59,5,0,5,0,0,4,5.2,4,1,1,0,2,0,8,0,0,0,22,296,1.26,1.059,6.4,0.0,3.2,12.7,4.00
17,Huascar Ynoa\ynoahu01,22,ATL,NL,0,0,,3.86,1,1,0,0,0,0,2.1,1,1,1,0,1,0,1,0,0,0,9,135,3.46,0.857,3.9,0.0,3.9,3.9,1.00
18,Kyle Wright\wrighky01,24,ATL,NL,0,2,.000,6.75,3,3,0,0,0,0,12.0,15,9,9,2,10,0,11,0,0,0,59,70,5.86,2.083,11.3,1.5,7.5,8.3,1.10
19,Touki Toussaint\toussto01,24,ATL,NL,0,0,,6.08,3,2,0,0,0,0,13.1,12,9,9,2,4,0,20,2,0,1,57,77,3.33,1.200,8.1,1.4,2.7,13.5,5.00
20,Josh Tomlin\tomlijo01,35,ATL,NL,1,0,1.000,0.00,6,0,0,0,0,0,9.0,2,0,0,0,1,0,12,0,0,1,30,,0.69,0.333,2.0,0.0,1.0,12.0,12.00
21,Mike Soroka\sorokmi01,22,ATL,NL,0,1,.000,3.95,3,3,0,0,0,0,13.2,11,7,6,0,7,0,8,1,0,1,57,118,3.61,1.317,7.2,0.0,4.6,5.3,1.14
22,Chad Sobotka\sobotch01,26,ATL,NL,0,0,,0.00,3,0,3,0,0,0,3.0,1,0,0,0,2,0,1,0,0,0,12,,4.36,1.000,3.0,0.0,6.0,3.0,0.50
23,Will Smith*\smithwi04,30,ATL,NL,0,0,,0.00,1,0,0,0,0,0,0.1,0,0,0,0,1,0,0,0,0,0,2,,12.03,3.000,0.0,0.0,27.0,0.0,0.00
24,Chris Rusin*\rusinch01,33,ATL,NL,0,0,,8.10,1,0,0,0,0,0,3.1,6,3,3,1,3,0,3,0,0,0,17,62,7.83,2.700,16.2,2.7,8.1,8.1,1.00
25,Darren O'Day\odayda01,37,ATL,NL,1,0,1.000,1.93,5,0,1,0,0,0,4.2,4,1,1,0,3,0,6,1,0,0,22,254,3.03,1.500,7.7,0.0,5.8,11.6,2.00
26,Sean Newcomb*\newcose01,27,ATL,NL,0,2,.000,11.20,4,4,0,0,0,0,13.2,20,17,17,4,6,0,10,3,0,1,70,42,7.34,1.902,13.2,2.6,4.0,6.6,1.67
27,A.J. Minter*\minteaj01,26,ATL,NL,0,0,,1.35,7,0,2,0,0,0,6.2,5,1,1,0,1,0,8,0,0,0,25,355,1.08,0.900,6.8,0.0,1.4,10.8,8.00
28,Mark Melancon\melanma01,35,ATL,NL,1,0,1.000,0.00,5,0,5,0,0,3,5.0,3,0,0,0,1,0,2,0,0,0,18,,2.83,0.800,5.4,0.0,1.8,3.6,2.00
29,Tyler Matzek*\matzety01,29,ATL,NL,2,0,1.000,0.00,6,0,0,0,0,0,7.2,5,0,0,0,2,0,10,0,0,1,30,,1.20,0.913,5.9,0.0,2.3,11.7,5.00
30,Chris Martin\martich02,34,ATL,NL,0,1,.000,2.25,4,0,1,0,0,1,4.0,2,1,1,1,1,0,3,0,0,0,16,220,5.53,0.750,4.5,2.3,2.3,6.8,3.00
31,Luke Jackson\jackslu01,28,ATL,NL,1,0,1.000,2.70,6,0,1,0,0,0,6.2,9,3,2,0,3,0,4,0,0,0,32,178,3.18,1.800,12.2,0.0,4.1,5.4,1.33
32,Shane Greene\greensh02,31,ATL,NL,0,0,,0.00,7,0,2,0,0,0,6.2,3,0,0,0,0,0,6,0,0,0,21,,1.23,0.450,4.1,0.0,0.0,8.1,
33,Max Fried*\friedma01,26,ATL,NL,3,0,1.000,1.59,4,4,0,0,0,0,22.2,13,4,4,0,6,0,21,2,0,0,86,292,2.23,0.838,5.2,0.0,2.4,8.3,3.50
34,Mike Foltynewicz\foltymi01,28,ATL,NL,0,1,.000,16.20,1,1,0,0,0,0,3.1,4,6,6,3,4,0,3,0,0,0,16,31,16.53,2.400,10.8,8.1,10.8,8.1,0.75
35,Grant Dayton*\daytogr01,32,ATL,NL,1,0,1.000,2.16,6,0,3,0,0,0,8.1,8,3,2,1,2,0,12,0,0,0,36,220,2.43,1.200,8.6,1.1,2.2,13.0,6.00
36,Jhoulys Chacin\chacijh01,32,ATL,NL,1,0,1.000,7.20,2,0,0,0,0,0,5.0,6,4,4,1,3,0,3,0,0,0,24,68,6.23,1.800,10.8,1.8,5.4,5.4,1.00
37,Asher Wojciechowski\wojcias01,31,BAL,AL,0,2,.000,3.95,3,3,0,0,0,0,13.2,11,7,6,3,5,0,15,1,0,0,59,109,5.00,1.171,7.2,2.0,3.3,9.9,3.00
38,Cole Sulser\sulseco01,30,BAL,AL,0,1,.000,3.86,5,0,4,0,0,3,7.0,3,3,3,1,3,0,6,0,0,0,27,115,4.46,0.857,3.9,1.3,3.9,7.7,2.00
39,Tanner Scott*\scottta01,25,BAL,AL,0,0,,2.08,5,0,1,0,0,0,4.1,2,1,1,0,2,0,6,1,0,1,17,219,2.33,0.923,4.2,0.0,4.2,12.5,3.00
40,Evan Phillips\phillev01,25,BAL,AL,1,1,.500,8.44,5,0,0,0,0,0,5.1,6,5,5,0,3,0,6,1,0,0,25,53,3.03,1.688,10.1,0.0,5.1,10.1,2.00
41,Tommy Milone*\milonto01,33,BAL,AL,1,1,.500,3.21,3,3,0,0,0,0,14.0,13,5,5,1,3,0,16,1,0,1,58,134,2.53,1.143,8.4,0.6,1.9,10.3,5.33
42,John Means*\meansjo01,27,BAL,AL,0,1,.000,7.71,2,2,0,0,0,0,7.0,4,6,6,2,1,0,6,2,0,0,28,57,6.31,0.714,5.1,2.6,1.3,7.7,6.00
43,Wade LeBlanc*\leblawa01,35,BAL,AL,1,0,1.000,6.91,3,3,0,0,0,0,14.1,15,11,11,4,2,0,8,1,1,0,61,62,6.17,1.186,9.4,2.5,1.3,5.0,4.00
44,Travis Lakins\lakintr01,26,BAL,AL,1,0,1.000,3.38,6,0,1,0,0,0,8.0,10,4,3,0,0,0,8,1,0,2,33,130,1.40,1.250,11.3,0.0,0.0,9.0,
45,David Hess\hessda01,26,BAL,AL,0,0,,5.40,2,0,2,0,0,0,5.0,8,3,3,0,2,0,1,0,0,0,24,83,3.83,2.000,14.4,0.0,3.6,1.8,0.50
46,Mychal Givens\givenmy01,30,BAL,AL,0,0,,0.00,4,0,1,0,0,0,4.0,3,0,0,0,2,0,6,0,0,0,17,,1.53,1.250,6.8,0.0,4.5,13.5,3.00
47,Paul Fry*\frypa01,27,BAL,AL,1,0,1.000,4.50,6,0,2,0,0,0,4.0,6,2,2,1,2,0,5,0,0,1,20,102,5.28,2.000,13.5,2.3,4.5,11.3,2.50
48,Thomas Eshelman\eshelto01,26,BAL,AL,0,0,,3.68,2,1,1,0,0,0,7.1,6,3,3,2,1,0,3,0,0,0,26,120,6.16,0.955,7.4,2.5,1.2,3.7,3.00
49,Alex Cobb\cobbal01,32,BAL,AL,1,1,.500,2.51,3,3,0,0,0,0,14.1,10,4,4,2,6,0,15,1,0,0,62,171,4.21,1.116,6.3,1.3,3.8,9.4,2.50
50,Miguel Castro\castrmi01,25,BAL,AL,0,0,,0.00,7,0,2,0,0,1,7.1,4,0,0,0,2,0,10,0,0,0,28,,1.12,0.818,4.9,0.0,2.5,12.3,5.00
51,Cody Carroll\carroco01,27,BAL,AL,0,0,,162.00,2,0,0,0,0,0,0.1,3,6,6,0,4,0,1,1,0,1,9,5,42.03,21.000,81.0,0.0,108.0,27.0,0.25
52,Shawn Armstrong\armstsh01,29,BAL,AL,1,0,1.000,2.57,6,0,0,0,0,0,7.0,5,4,2,1,1,0,8,0,0,1,28,172,3.03,0.857,6.4,1.3,1.3,10.3,8.00
53,Brandon Workman\workmbr01,31,BOS,AL,0,0,,1.80,5,0,5,0,0,3,5.0,5,1,1,0,3,0,7,0,0,0,22,257,2.03,1.600,9.0,0.0,5.4,12.6,2.33
54,Ryan Weber\weberry01,29,BOS,AL,0,2,.000,9.90,3,3,0,0,0,0,10.0,15,11,11,5,9,0,3,0,0,0,54,45,11.63,2.400,13.5,4.5,8.1,2.7,0.33
55,Marcus Walden\waldema01,31,BOS,AL,0,1,.000,4.05,5,0,0,0,0,0,6.2,7,3,3,0,6,0,7,0,0,1,31,112,3.63,1.950,9.5,0.0,8.1,9.5,1.17
56,Phillips Valdez\valdeph01,28,BOS,AL,0,0,,0.96,6,0,2,0,0,0,9.1,10,1,1,0,4,0,8,2,0,0,41,465,3.24,1.500,9.6,0.0,3.9,7.7,2.00
57,Jeffrey Springs*\sprinje01,27,BOS,AL,0,1,.000,15.43,4,0,2,0,0,0,4.2,10,8,8,2,2,0,6,0,0,0,27,30,7.31,2.571,19.3,3.9,3.9,11.6,3.00
58,Martin Perez*\perezma02,29,BOS,AL,2,1,.667,3.45,3,3,0,0,0,0,15.2,12,7,6,0,9,0,11,1,0,1,66,128,3.54,1.340,6.9,0.0,5.2,6.3,1.22
59,Josh Osich*\osichjo01,31,BOS,AL,0,1,.000,3.86,7,1,2,0,0,0,7.0,6,3,3,1,2,0,7,1,0,0,30,118,4.17,1.143,7.7,1.3,2.6,9.0,3.50
60,Chris Mazza\mazzach01,30,BOS,AL,0,0,,0.00,1,0,0,0,0,0,2.2,1,0,0,0,2,0,3,0,0,0,11,,3.03,1.125,3.4,0.0,6.8,10.1,1.50
61,Heath Hembree\hembrhe01,31,BOS,AL,2,0,1.000,2.57,7,0,0,0,0,0,7.0,4,2,2,1,2,0,5,0,0,0,26,177,4.31,0.857,5.1,1.3,2.6,6.4,2.50
62,Matt Hall*\hallma02,26,BOS,AL,0,1,.000,15.43,2,1,0,0,0,0,4.2,7,8,8,1,4,0,5,1,0,0,26,30,6.88,2.357,13.5,1.9,7.7,9.6,1.25
63,Zack Godley\godleza01,30,BOS,AL,0,1,.000,3.97,3,2,0,0,0,0,11.1,13,5,5,2,4,0,11,0,0,1,50,112,4.44,1.500,10.3,1.6,3.2,8.7,2.75
64,Nathan Eovaldi\eovalna01,30,BOS,AL,1,1,.500,4.09,4,4,0,0,0,0,22.0,25,10,10,3,3,0,24,2,0,1,91,107,3.30,1.273,10.2,1.2,1.2,9.8,8.00
65,Dylan Covey\coveydy01,28,BOS,AL,0,0,,6.00,2,0,1,0,0,0,3.0,4,2,2,0,0,0,2,0,0,0,12,81,1.69,1.333,12.0,0.0,0.0,6.0,
66,Austin Brice\briceau01,28,BOS,AL,0,0,,4.00,8,1,1,0,0,0,9.0,5,4,4,2,4,0,12,1,0,0,36,112,4.92,1.000,5.0,2.0,4.0,12.0,3.00
67,Colten Brewer\breweco01,27,BOS,AL,0,0,,3.60,6,0,1,0,0,0,10.0,9,5,4,1,5,0,10,1,0,0,45,124,4.13,1.400,8.1,0.9,4.5,9.0,2.00
68,Ryan Brasier\brasiry01,32,BOS,AL,0,0,,7.20,6,1,0,0,0,0,5.0,7,4,4,0,3,0,5,0,0,0,23,64,2.83,2.000,12.6,0.0,5.4,9.0,1.67
69,Matt Barnes\barnema01,30,BOS,AL,1,1,.500,5.14,7,0,2,0,0,0,7.0,5,4,4,2,6,0,7,1,0,0,31,88,7.74,1.571,6.4,2.6,7.7,9.0,1.17
70,Dan Winkler\winklda01,30,CHC,NL,0,0,,6.75,3,0,0,0,0,0,2.2,1,2,2,1,4,0,4,0,1,0,12,73,9.40,1.875,3.4,3.4,13.5,13.5,1.00
71,Brad Wieck*\wieckbr01,28,CHC,NL,0,0,,18.00,1,0,0,0,0,0,1.0,1,2,2,1,1,0,2,0,0,0,5,33,15.03,2.000,9.0,9.0,9.0,18.0,2.00
72,Rowan Wick\wickro01,27,CHC,NL,0,0,,0.00,4,0,2,0,0,2,3.2,4,0,0,0,1,0,2,0,0,0,16,,2.75,1.364,9.8,0.0,2.5,4.9,2.00
73,Duane Underwood Jr.\underdu01,25,CHC,NL,0,0,,9.00,4,0,1,0,0,0,6.0,7,6,6,2,3,0,5,1,0,0,27,51,7.69,1.667,10.5,3.0,4.5,7.5,1.67
74,Ryan Tepera\teperry01,32,CHC,NL,0,0,,6.23,4,0,1,0,0,0,4.1,4,3,3,1,1,0,8,1,0,0,18,75,3.72,1.154,8.3,2.1,2.1,16.6,8.00
75,Casey Sadler\sadleca02,29,CHC,NL,0,0,,2.45,4,0,0,0,0,0,3.2,3,1,1,1,3,0,5,0,0,1,18,194,6.30,1.636,7.4,2.5,7.4,12.3,1.67
76,Kyle Ryan*\ryanky01,28,CHC,NL,0,0,,7.71,5,0,1,0,0,1,4.2,7,4,4,1,0,0,2,0,0,0,19,61,4.96,1.500,13.5,1.9,0.0,3.9,
77,Colin Rea\reaco01,29,CHC,NL,0,0,,0.00,1,0,1,0,0,0,1.0,0,0,0,0,0,0,2,0,0,0,4,,-0.97,0.000,0.0,0.0,0.0,18.0,
78,James Norwood\norwoja01,26,CHC,NL,0,0,,16.20,3,0,0,0,0,0,1.2,4,3,3,0,1,0,0,0,0,1,9,33,4.83,3.000,21.6,0.0,5.4,0.0,0.00
79,Alec Mills\millsal02,28,CHC,NL,2,0,1.000,1.38,2,2,0,0,0,0,13.0,5,2,2,1,5,0,7,0,0,0,48,323,4.10,0.769,3.5,0.7,3.5,4.8,1.40
80,Dillon Maples\mapledi01,28,CHC,NL,0,0,,18.00,2,0,1,0,0,0,1.0,1,3,2,0,4,0,1,0,0,0,9,33,13.03,5.000,9.0,0.0,36.0,9.0,0.25
81,Jon Lester*\lestejo01,36,CHC,NL,1,0,1.000,0.82,2,2,0,0,0,0,11.0,4,1,1,1,2,0,5,1,0,0,42,548,4.12,0.545,3.3,0.8,1.6,4.1,2.50
82,Craig Kimbrel\kimbrcr01,32,CHC,NL,0,0,,23.63,4,0,2,0,0,0,2.2,6,7,7,2,5,0,2,1,0,1,20,21,18.03,4.125,20.3,6.8,16.9,6.8,0.40
83,Jeremy Jeffress\jeffrje01,32,CHC,NL,1,0,1.000,0.00,6,0,3,0,0,1,6.0,0,0,0,0,1,0,4,1,0,0,20,,2.69,0.167,0.0,0.0,1.5,6.0,4.00
84,Kyle Hendricks\hendrky01,30,CHC,NL,2,1,.667,3.54,3,3,0,1,1,0,20.1,17,8,8,1,2,1,15,0,0,0,78,125,2.49,0.934,7.5,0.4,0.9,6.6,7.50
85,Yu Darvish\darviyu01,33,CHC,NL,2,1,.667,2.12,3,3,0,0,0,0,17.0,13,4,4,0,2,0,16,1,0,2,65,210,1.67,0.882,6.9,0.0,1.1,8.5,8.00
86,Tyler Chatwood\chatwty01,30,CHC,NL,2,1,.667,5.40,3,3,0,0,0,0,15.0,17,9,9,2,4,0,23,0,0,1,65,82,2.49,1.400,10.2,1.2,2.4,13.8,5.75
87,Rex Brothers*\brothre01,32,CHC,NL,0,0,,11.57,2,0,0,0,0,0,2.1,2,3,3,2,3,0,5,0,1,0,12,43,13.74,2.143,7.7,7.7,11.6,19.3,1.67
88,Carlos Rodon*\rodonca01,27,CHW,AL,0,1,.000,9.53,2,2,0,0,0,0,5.2,7,6,6,1,3,0,5,0,0,0,26,46,5.14,1.765,11.1,1.6,4.8,7.9,1.67
89,Evan Marshall\marshev01,30,CHW,AL,0,0,,1.13,8,0,0,0,0,0,8.0,4,1,1,0,4,0,12,0,0,0,32,383,1.53,1.000,4.5,0.0,4.5,13.5,3.00
90,Reynaldo Lopez\lopezre01,26,CHW,AL,0,1,.000,54.00,1,1,0,0,0,0,0.2,3,4,4,1,2,0,0,0,0,0,7,12,31.53,7.500,40.5,13.5,27.0,0.0,0.00
91,Jimmy Lambert\lambeji01,25,CHW,AL,0,0,,0.00,2,0,1,0,0,0,2.0,2,0,0,0,0,0,2,0,0,0,8,,1.03,1.000,9.0,0.0,0.0,9.0,
92,Brady Lail\lailbr01,26,CHW,AL,0,0,,0.00,1,0,1,0,0,0,1.1,2,0,0,0,0,0,1,0,0,0,6,,1.53,1.500,13.5,0.0,0.0,6.8,
93,Dallas Keuchel*\keuchda01,32,CHW,AL,2,2,.500,3.04,4,4,0,0,0,0,23.2,21,8,8,2,4,0,15,0,0,0,95,137,3.37,1.056,8.0,0.8,1.5,5.7,3.75
94,Codi Heuer\heuerco01,23,CHW,AL,0,0,,4.26,5,0,4,0,0,1,6.1,6,3,3,1,0,0,8,0,0,0,24,102,2.55,0.947,8.5,1.4,0.0,11.4,
95,Kelvin Herrera\herreke01,30,CHW,AL,0,0,,15.43,2,0,1,0,0,0,2.1,3,4,4,2,1,0,3,0,0,0,11,31,12.88,1.714,11.6,7.7,3.9,11.6,3.00
96,Ian Hamilton\hamilia01,25,CHW,AL,0,0,,0.00,3,0,0,0,0,0,3.2,3,0,0,0,3,0,4,0,0,1,16,,3.30,1.636,7.4,0.0,7.4,9.8,1.33
97,Gio Gonzalez*\gonzagi01,34,CHW,AL,0,1,.000,7.71,3,2,0,0,0,0,11.2,20,11,10,3,7,0,12,2,0,0,64,55,6.63,2.314,15.4,2.3,5.4,9.3,1.71
98,Lucas Giolito\giolilu01,25,CHW,AL,1,1,.500,4.37,4,4,0,0,0,0,22.2,18,11,11,3,13,0,27,0,0,1,93,96,4.09,1.368,7.1,1.2,5.2,10.7,2.08
99,Jace Fry*\fryja01,26,CHW,AL,0,0,,7.50,6,0,0,0,0,0,6.0,8,5,5,1,3,1,6,0,0,1,28,58,4.69,1.833,12.0,1.5,4.5,9.0,2.00
100,Matt Foster\fostema01,25,CHW,AL,1,0,1.000,0.00,4,1,0,0,0,0,5.2,2,0,0,0,2,0,9,0,0,0,20,,0.91,0.706,3.2,0.0,3.2,14.3,4.50
101,Ross Detwiler*\detwiro01,34,CHW,AL,1,0,1.000,0.00,6,0,2,0,0,0,9.1,3,0,0,0,0,0,7,0,0,1,29,,1.53,0.321,2.9,0.0,0.0,6.8,
102,Jimmy Cordero\cordeji01,28,CHW,AL,0,1,.000,5.06,7,0,1,0,0,0,5.1,6,4,3,0,2,0,4,1,0,0,25,87,3.21,1.500,10.1,0.0,3.4,6.8,2.00
103,Alex Colome\colomal01,31,CHW,AL,0,0,,0.00,7,0,6,0,0,4,7.0,5,0,0,0,1,0,6,1,0,0,29,,2.17,0.857,6.4,0.0,1.3,7.7,6.00
104,Steve Cishek\cishest01,34,CHW,AL,0,0,,9.45,8,0,1,0,0,0,6.2,9,7,7,2,4,0,7,3,0,0,35,46,7.98,1.950,12.2,2.7,5.4,9.5,1.75
105,Dylan Cease\ceasedy01,24,CHW,AL,2,1,.667,4.05,3,3,0,0,0,0,13.1,14,6,6,3,6,0,9,2,0,0,58,104,6.40,1.500,9.5,2.0,4.1,6.1,1.50
106,Zack Burdi\burdiza01,25,CHW,AL,0,0,,0.00,1,0,0,0,0,0,1.0,1,0,0,0,0,0,2,0,0,0,4,,-0.97,1.000,9.0,0.0,0.0,18.0,
107,Aaron Bummer*\bummeaa01,26,CHW,AL,1,0,1.000,1.23,7,0,0,0,0,0,7.1,4,1,1,0,4,0,12,0,0,0,30,353,1.39,1.091,4.9,0.0,4.9,14.7,3.00
108,Drew Anderson\anderdr02,26,CHW,AL,0,1,.000,40.50,1,0,0,0,0,0,1.1,4,6,6,2,2,0,2,0,0,1,10,13,24.03,4.500,27.0,13.5,13.5,13.5,1.00
109,Pedro Strop\stroppe01,35,CIN,NL,0,0,,3.86,4,0,0,0,0,0,2.1,1,3,1,0,6,0,3,0,0,1,15,137,8.17,3.000,3.9,0.0,23.1,11.6,0.50
110,Robert Stephenson\stephro01,27,CIN,NL,0,0,,54.00,1,0,0,0,0,0,0.1,2,2,2,1,0,0,1,0,0,0,3,17,36.03,6.000,54.0,27.0,0.0,27.0,
111,Lucas Sims\simslu01,26,CIN,NL,0,0,,1.23,7,0,2,0,0,0,7.1,3,4,1,1,3,0,9,1,0,0,29,393,3.98,0.818,3.7,1.2,3.7,11.0,3.00
112,Cody Reed*\reedco01,27,CIN,NL,0,1,.000,10.80,6,0,2,0,0,0,5.0,9,6,6,2,4,0,5,1,0,0,29,46,9.23,2.600,16.2,3.6,7.2,9.0,1.25
113,Brooks Raley*\raleybr01,32,CIN,NL,0,0,,9.00,4,0,2,0,0,0,4.0,5,4,4,0,2,0,6,3,0,0,22,55,3.78,1.750,11.3,0.0,4.5,13.5,3.00
114,Wade Miley*\mileywa01,33,CIN,NL,0,1,.000,27.00,1,1,0,0,0,0,1.2,4,6,5,0,2,0,3,2,0,0,13,20,6.63,3.600,21.6,0.0,10.8,16.2,1.50
115,Tyler Mahle\mahlety01,25,CIN,NL,0,0,,1.80,2,2,0,0,0,0,10.0,7,2,2,0,3,0,10,1,0,0,40,265,2.23,1.000,6.3,0.0,2.7,9.0,3.33
116,Michael Lorenzen\lorenmi01,28,CIN,NL,0,1,.000,16.88,7,0,2,0,0,0,5.1,9,10,10,3,5,0,6,0,1,0,30,29,10.90,2.625,15.2,5.1,8.4,10.1,1.20
117,Joel Kuhnel\kuhnejo01,25,CIN,NL,0,0,,18.00,1,0,0,0,0,0,1.0,2,2,2,2,0,0,1,0,0,0,5,34,27.03,2.000,18.0,18.0,0.0,9.0,
118,Nate Jones\jonesna01,34,CIN,NL,0,1,.000,5.06,6,0,1,0,0,0,5.1,4,3,3,2,1,0,8,1,0,1,21,97,6.03,0.938,6.8,3.4,1.7,13.5,8.00
119,Raisel Iglesias\iglesra01,30,CIN,NL,1,1,.500,5.06,5,0,5,0,0,2,5.1,5,4,3,1,0,0,10,0,0,0,22,97,1.71,0.938,8.4,1.7,0.0,16.9,
120,Sonny Gray\grayso01,30,CIN,NL,3,1,.750,2.25,4,4,0,0,0,0,24.0,14,9,6,2,8,0,35,2,0,4,95,208,2.44,0.917,5.3,0.8,3.0,13.1,4.38
121,Amir Garrett*\garream01,28,CIN,NL,0,0,,1.59,6,0,0,0,0,0,5.2,1,1,1,1,2,0,9,0,0,0,20,307,3.20,0.529,1.6,1.6,3.2,14.3,4.50
122,Anthony DeSclafani\desclan01,30,CIN,NL,1,0,1.000,0.00,2,2,0,0,0,0,11.0,5,0,0,0,1,0,8,0,0,0,38,,1.85,0.545,4.1,0.0,0.8,6.5,8.00
123,Jose De Leon\deleojo03,27,CIN,NL,0,0,,43.20,1,0,0,0,0,0,1.2,4,8,8,0,4,1,3,0,0,0,13,13,6.63,4.800,21.6,0.0,21.6,16.2,0.75
124,Matt Davidson\davidma02,29,CIN,NL,0,0,,0.00,1,0,1,0,0,0,1.0,1,0,0,0,0,0,1,0,0,0,4,,1.03,1.000,9.0,0.0,0.0,9.0,
125,Luis Castillo\castilu02,27,CIN,NL,0,2,.000,4.76,3,3,0,0,0,0,17.0,18,9,9,1,6,0,26,0,0,0,74,99,1.79,1.412,9.5,0.5,3.2,13.8,4.33
126,Trevor Bauer\bauertr01,29,CIN,NL,2,0,1.000,0.93,3,3,0,1,1,0,19.1,7,2,2,2,4,0,32,1,0,1,69,504,1.84,0.569,3.3,0.9,1.9,14.9,8.00
127,Tejay Antone\antonte01,26,CIN,NL,0,1,.000,2.08,2,1,0,0,0,0,8.2,3,2,2,1,5,0,9,1,0,0,34,230,4.53,0.923,3.1,1.0,5.2,9.3,1.80
128,Nick Wittgren\wittgni01,29,CLE,AL,0,0,,1.50,6,0,1,0,0,0,6.0,5,1,1,1,0,0,7,2,0,0,25,302,3.86,0.833,7.5,1.5,0.0,10.5,
129,Adam Plutko\plutkad01,28,CLE,AL,1,0,1.000,2.57,2,1,1,0,0,0,7.0,6,2,2,2,0,0,5,0,0,0,26,175,5.31,0.857,7.7,2.6,0.0,6.4,
130,Zach Plesac\plesaza01,25,CLE,AL,1,1,.500,1.29,3,3,0,0,0,0,21.0,12,3,3,2,2,0,24,0,0,0,77,339,2.27,0.667,5.1,0.9,0.9,10.3,12.00
131,Oliver Perez*\perezol01,38,CLE,AL,0,0,,0.00,5,0,2,0,0,1,4.2,1,0,0,0,0,0,5,1,0,0,16,,1.53,0.214,1.9,0.0,0.0,9.6,
132,Phil Maton\matonph01,27,CLE,AL,1,0,1.000,0.00,4,0,1,0,0,0,4.0,4,0,0,0,0,0,5,0,0,1,16,,0.53,1.000,9.0,0.0,0.0,11.3,
133,Dominic Leone\leonedo01,28,CLE,AL,0,0,,2.70,4,0,1,0,0,0,3.1,3,1,1,0,2,0,4,0,0,0,14,176,2.43,1.500,8.1,0.0,5.4,10.8,2.00
134,James Karinchak\karinja01,24,CLE,AL,0,1,.000,0.00,7,0,3,0,0,1,7.1,3,1,0,0,3,0,13,0,0,2,26,,0.71,0.818,3.7,0.0,3.7,16.0,4.33
135,Cam Hill\hillca02,26,CLE,AL,0,0,,1.50,6,0,3,0,0,1,6.0,2,1,1,1,1,0,7,1,0,0,22,302,3.86,0.500,3.0,1.5,1.5,10.5,7.00
136,Brad Hand*\handbr01,30,CLE,AL,0,1,.000,7.71,6,0,4,0,0,4,4.2,4,6,4,0,3,0,7,2,0,0,24,60,3.24,1.500,7.7,0.0,5.8,13.5,2.33
137,Mike Clevinger\clevimi01,29,CLE,AL,1,1,.500,3.24,3,3,0,0,0,0,16.2,12,6,6,4,10,0,15,0,0,0,68,135,6.15,1.320,6.5,2.2,5.4,8.1,1.50
138,Aaron Civale\civalaa01,25,CLE,AL,1,2,.333,2.84,3,3,0,0,0,0,19.0,17,6,6,2,2,0,23,0,0,0,74,153,2.29,1.000,8.1,0.9,0.9,10.9,11.50
139,Adam Cimber\cimbead01,29,CLE,AL,0,0,,0.00,5,0,1,0,0,0,4.2,2,0,0,0,1,0,3,0,0,0,17,,2.38,0.643,3.9,0.0,1.9,5.8,3.00
140,Carlos Carrasco\carraca01,33,CLE,AL,2,1,.667,2.50,3,3,0,0,0,0,18.0,12,5,5,3,6,0,23,1,0,3,71,175,3.80,1.000,6.0,1.5,3.0,11.5,3.83
141,Shane Bieber\biebesh01,25,CLE,AL,3,0,1.000,1.63,4,4,0,0,0,0,27.2,16,5,5,4,5,0,43,1,0,0,101,267,2.45,0.759,5.2,1.3,1.6,14.0,8.60
142,Antonio Senzatela\senzaan01,25,COL,NL,3,0,1.000,2.65,3,3,0,0,0,0,17.0,15,6,5,1,5,0,14,0,0,0,72,194,3.03,1.176,7.9,0.5,2.6,7.4,2.80
143,James Pazos*\pazosja01,29,COL,NL,0,0,,27.00,2,0,1,0,0,0,1.2,4,5,5,0,2,0,1,0,0,0,11,22,5.43,3.600,21.6,0.0,10.8,5.4,0.50
144,German Marquez\marquge01,25,COL,NL,2,2,.500,2.08,4,4,0,0,0,0,26.0,18,9,6,2,6,0,27,0,0,1,102,246,2.64,0.923,6.2,0.7,2.1,9.3,4.50
145,Tyler Kinley\kinlety01,29,COL,NL,0,0,,0.00,7,0,3,0,0,0,6.1,0,0,0,0,4,0,9,1,0,0,24,,2.55,0.632,0.0,0.0,5.7,12.8,2.25
146,Jeff Hoffman\hoffmje02,27,COL,NL,2,0,1.000,0.00,3,0,0,0,0,0,6.1,1,0,0,0,2,0,7,1,0,1,21,,2.24,0.474,1.4,0.0,2.8,9.9,3.50
147,Joe Harvey\harvejo01,28,COL,NL,0,0,,0.00,1,0,0,0,0,0,1.0,1,0,0,0,0,0,1,0,0,0,4,,1.03,1.000,9.0,0.0,0.0,9.0,
148,Jon Gray\grayjo02,28,COL,NL,0,2,.000,6.41,4,4,0,0,0,0,19.2,23,16,14,2,4,0,9,1,0,2,88,80,4.20,1.373,10.5,0.9,1.8,4.1,2.25
149,Chi Chi Gonzalez\gonzach01,28,COL,NL,0,0,,9.00,1,1,0,0,0,0,3.0,5,3,3,2,1,0,3,1,0,0,15,62,11.69,2.000,15.0,6.0,3.0,9.0,3.00
150,Kyle Freeland*\freelky01,27,COL,NL,2,0,1.000,2.41,3,3,0,0,0,0,18.2,14,5,5,2,6,0,11,0,0,0,70,213,4.21,1.071,6.8,1.0,2.9,5.3,1.83
151,Carlos Estevez\estevca01,27,COL,NL,0,0,,1.08,8,0,3,0,0,0,8.1,9,1,1,0,2,0,6,1,0,0,36,484,2.67,1.320,9.7,0.0,2.2,6.5,3.00
152,Phillip Diehl*\diehlph01,25,COL,NL,0,0,,3.86,2,0,1,0,0,0,2.1,1,1,1,1,0,0,2,0,0,0,8,148,6.88,0.429,3.9,3.9,0.0,7.7,
153,Jairo Diaz\diazja01,29,COL,NL,0,0,,1.35,7,0,4,0,0,3,6.2,7,2,1,0,2,0,7,2,0,2,31,391,2.73,1.350,9.5,0.0,2.7,9.5,3.50
154,Wade Davis\daviswa01,34,COL,NL,0,1,.000,16.88,3,0,2,0,0,2,2.2,3,5,5,2,3,1,1,0,0,0,14,33,15.40,2.250,10.1,6.8,10.1,3.4,0.33
155,Ryan Castellani\castery01,24,COL,NL,0,0,,0.00,1,1,0,0,0,0,4.0,0,0,0,0,1,0,3,1,0,0,14,,3.03,0.250,0.0,0.0,2.3,6.8,3.00
156,Daniel Bard\bardda01,35,COL,NL,1,0,1.000,3.12,7,0,0,0,0,0,8.2,10,3,3,0,0,0,11,0,0,1,36,168,0.49,1.154,10.4,0.0,0.0,11.4,
157,Yency Almonte\almonye01,26,COL,NL,1,0,1.000,4.66,7,0,2,0,0,1,9.2,9,5,5,1,0,0,11,0,0,0,36,112,2.10,0.931,8.4,0.9,0.0,10.2,
158,Spencer Turnbull\turnbsp01,27,DET,AL,2,0,1.000,2.00,3,3,0,0,0,0,18.0,11,4,4,0,7,0,18,1,0,0,71,216,2.36,1.000,5.5,0.0,3.5,9.0,2.57
159,Gregory Soto*\sotogr01,25,DET,AL,0,0,,0.00,8,0,0,0,0,0,9.0,1,0,0,0,1,0,11,1,0,0,31,,1.25,0.222,1.0,0.0,1.0,11.0,11.00
160,John Schreiber\schrejo01,26,DET,AL,0,0,,0.00,5,0,0,0,0,0,5.2,2,0,0,0,0,0,3,0,0,0,19,,1.97,0.353,3.2,0.0,0.0,4.8,
161,Ivan Nova\novaiv01,33,DET,AL,1,0,1.000,5.74,3,3,0,0,0,0,15.2,17,10,10,2,7,0,8,0,0,1,70,76,5.01,1.532,9.8,1.1,4.0,4.6,1.14
162,Daniel Norris*\norrida01,27,DET,AL,1,1,.500,4.91,2,1,0,0,0,0,3.2,5,2,2,0,2,0,2,0,0,0,18,95,3.57,1.909,12.3,0.0,4.9,4.9,1.00
163,David McKay\mckayda02,25,DET,AL,0,0,,54.00,1,0,0,0,0,0,0.1,1,2,2,1,1,0,0,0,0,0,3,16,51.03,6.000,27.0,27.0,27.0,0.0,0.00
164,Joe Jimenez\jimenjo02,25,DET,AL,0,1,.000,6.43,7,0,6,0,0,5,7.0,8,5,5,1,1,0,6,1,0,0,29,69,4.03,1.286,10.3,1.3,1.3,7.7,6.00
165,Rony Garcia\garciro03,22,DET,AL,0,0,,9.00,2,2,0,0,0,0,5.0,6,6,5,3,2,0,5,0,0,0,23,51,10.03,1.600,10.8,5.4,3.6,9.0,2.50
166,Bryan Garcia\garcibr01,25,DET,AL,2,0,1.000,3.38,6,0,3,0,0,0,5.1,6,3,2,0,1,0,1,1,0,0,24,134,3.78,1.313,10.1,0.0,1.7,1.7,1.00
167,Kyle Funkhouser\funkhky01,26,DET,AL,0,1,.000,11.25,3,0,2,0,0,0,4.0,8,5,5,0,2,0,3,0,0,0,22,41,3.03,2.500,18.0,0.0,4.5,6.8,1.50
168,Michael Fulmer\fulmemi01,27,DET,AL,0,0,,6.35,2,2,0,0,0,0,5.2,8,4,4,3,2,0,4,0,0,0,27,71,9.56,1.765,12.7,4.8,3.2,6.4,2.00
169,Carson Fulmer\fulmeca01,26,DET,AL,0,0,,5.40,4,0,1,0,0,0,3.1,4,2,2,0,1,0,4,0,0,1,15,87,1.53,1.500,10.8,0.0,2.7,10.8,4.00
170,Buck Farmer\farmebu01,29,DET,AL,1,0,1.000,2.84,7,0,1,0,0,0,6.1,4,2,2,0,3,0,1,0,0,0,27,158,4.13,1.105,5.7,0.0,4.3,1.4,0.33
171,Jose Cisnero\cisnejo01,31,DET,AL,1,1,.500,3.24,8,0,0,0,0,0,8.1,9,3,3,0,2,0,7,1,0,0,37,137,2.43,1.320,9.7,0.0,2.2,7.6,3.50
172,Anthony Castro\castran02,25,DET,AL,0,0,,18.00,1,0,1,0,0,0,1.0,1,2,2,1,1,0,1,0,0,0,5,32,17.03,2.000,9.0,9.0,9.0,9.0,1.00
173,Beau Burrows\burrobe01,23,DET,AL,0,0,,11.57,1,0,0,0,0,0,2.1,3,3,3,2,1,0,0,1,0,0,12,42,16.74,1.714,11.6,7.7,3.9,0.0,0.00
174,Matthew Boyd*\boydma01,29,DET,AL,0,1,.000,9.20,3,3,0,0,0,0,14.2,23,15,15,3,5,0,13,2,0,2,71,47,5.35,1.909,14.1,1.8,3.1,8.0,2.60
175,Tyler Alexander*\alexaty01,25,DET,AL,1,0,1.000,1.17,4,0,0,0,0,0,7.2,4,1,1,1,1,0,13,1,0,0,26,378,2.11,0.652,4.7,1.2,1.2,15.3,13.00
176,Justin Verlander\verlaju01,37,HOU,AL,1,0,1.000,3.00,1,1,0,0,0,0,6.0,3,2,2,2,1,0,7,0,0,0,21,150,5.53,0.667,4.5,3.0,1.5,10.5,7.00
177,Framber Valdez*\valdefr01,26,HOU,AL,0,2,.000,2.04,3,2,0,0,0,0,17.2,16,6,4,1,3,0,19,0,0,0,71,212,2.12,1.075,8.2,0.5,1.5,9.7,6.33
178,Blake Taylor*\taylobl01,24,HOU,AL,1,0,1.000,0.00,6,0,1,0,0,0,8.2,5,0,0,0,3,1,10,0,0,1,33,,1.76,0.923,5.2,0.0,3.1,10.4,3.33
179,Cy Sneed\sneedcy01,27,HOU,AL,0,2,.000,7.50,6,0,1,0,0,0,6.0,9,8,5,1,5,2,6,0,0,1,32,60,5.69,2.333,13.5,1.5,7.5,9.0,1.20
180,Andre Scrubb\scruban01,25,HOU,AL,0,0,,0.00,6,0,1,0,0,1,7.2,4,0,0,0,7,1,7,0,0,0,32,,3.94,1.435,4.7,0.0,8.2,8.2,1.00
181,Carlos Sanabria\sanabca01,23,HOU,AL,0,0,,9.00,2,0,2,0,0,0,2.0,3,2,2,1,3,0,2,0,0,2,12,56,12.03,3.000,13.5,4.5,13.5,9.0,0.67
182,Nivaldo Rodriguez\rodrini01,23,HOU,AL,0,1,.000,7.71,4,0,3,0,0,0,4.2,10,5,4,2,3,1,3,0,0,0,27,59,9.24,2.786,19.3,3.9,5.8,5.8,1.00
183,Ryan Pressly\pressry01,31,HOU,AL,0,1,.000,10.13,4,0,2,0,0,1,2.2,7,3,3,0,2,0,2,0,0,0,17,48,3.78,3.375,23.6,0.0,6.8,6.8,1.00
184,Enoli Paredes\pareden01,24,HOU,AL,0,0,,2.70,6,0,1,0,0,0,6.2,8,3,2,0,5,0,8,1,0,0,34,166,3.33,1.950,10.8,0.0,6.8,10.8,1.60
185,Roberto Osuna\osunaro01,25,HOU,AL,0,0,,2.08,4,0,2,0,0,1,4.1,3,1,1,0,0,0,3,0,0,0,16,221,1.64,0.692,6.2,0.0,0.0,6.2,
186,Lance McCullers Jr.\mcculla02,26,HOU,AL,2,1,.667,6.10,4,4,0,0,0,0,20.2,19,14,14,3,7,0,16,2,0,0,88,71,4.67,1.258,8.3,1.3,3.0,7.0,2.29
187,Cristian Javier\javiecr01,23,HOU,AL,1,1,.500,4.02,4,3,0,0,0,0,15.2,10,7,7,4,4,0,16,0,0,0,60,108,5.07,0.894,5.7,2.3,2.3,9.2,4.00
188,Josh James\jamesjo02,27,HOU,AL,0,0,,13.50,4,2,0,0,0,0,8.0,9,12,12,4,12,0,11,1,0,2,45,33,11.65,2.625,10.1,4.5,13.5,12.4,0.92
189,Zack Greinke\greinza01,36,HOU,AL,0,0,,3.00,3,3,0,0,0,0,15.0,12,5,5,0,3,0,11,1,0,0,59,145,2.36,1.000,7.2,0.0,1.8,6.6,3.67
190,Chris Devenski\devench02,29,HOU,AL,0,1,.000,13.50,2,0,0,0,0,0,2.0,4,3,3,0,1,0,4,0,0,0,11,37,0.53,2.500,18.0,0.0,4.5,18.0,4.00
191,Humberto Castellanos\castehu01,22,HOU,AL,0,0,,3.00,3,0,1,0,0,0,3.0,1,1,1,0,1,0,2,2,0,0,13,158,4.69,0.667,3.0,0.0,3.0,6.0,2.00
192,Brandon Bielak\bielabr01,24,HOU,AL,2,0,1.000,0.87,3,1,0,0,0,0,10.1,6,2,1,0,6,0,7,0,0,0,41,504,3.41,1.161,5.2,0.0,5.2,6.1,1.17
193,Joe Biagini\biagijo01,30,HOU,AL,0,0,,13.50,1,0,0,0,0,0,0.2,2,1,1,0,0,0,1,0,0,0,4,48,0.03,3.000,27.0,0.0,0.0,13.5,
194,Brandon Bailey\bailebr01,25,HOU,AL,0,0,,3.38,4,0,1,0,0,0,5.1,5,2,2,1,2,0,1,1,0,1,22,134,6.78,1.313,8.4,1.7,3.4,1.7,0.50
195,Bryan Abreu\abreubr01,23,HOU,AL,0,0,,2.70,4,0,1,0,0,0,3.1,1,2,1,0,7,0,3,2,0,0,20,174,9.33,2.400,2.7,0.0,18.9,8.1,0.43
196,Tyler Zuber\zuberty01,25,KCR,AL,1,1,.500,4.50,7,0,2,0,0,0,8.0,3,4,4,2,9,0,5,1,0,0,36,99,8.78,1.500,3.4,2.3,10.1,5.6,0.56
197,Kyle Zimmer\zimmeky01,28,KCR,AL,0,0,,1.13,4,1,1,0,0,0,8.0,5,1,1,0,2,0,10,1,0,1,33,398,1.65,0.875,5.6,0.0,2.3,11.3,5.00
198,Josh Staumont\staumjo01,26,KCR,AL,0,0,,1.17,7,0,1,0,0,0,7.2,5,1,1,1,3,0,14,2,0,1,32,382,3.03,1.043,5.9,1.2,3.5,16.4,4.67
199,Gabe Speier*\speiega01,25,KCR,AL,0,0,,6.23,6,0,3,0,0,0,4.1,7,3,3,0,2,0,4,0,0,0,22,74,2.57,2.077,14.5,0.0,4.2,8.3,2.00
200,Glenn Sparkman\sparkgl01,28,KCR,AL,0,0,,5.40,4,0,0,0,0,0,5.0,9,6,3,0,1,0,2,0,0,0,27,85,2.83,2.000,16.2,0.0,1.8,3.6,2.00
201,Brady Singer\singebr01,23,KCR,AL,1,1,.500,4.50,4,4,0,0,0,0,20.0,18,10,10,4,8,0,22,0,0,2,83,97,4.63,1.300,8.1,1.8,3.6,9.9,2.75
202,Trevor Rosenthal\rosentr01,30,KCR,AL,0,0,,1.29,7,0,4,0,0,3,7.0,4,1,1,1,0,0,10,0,1,0,24,350,2.03,0.571,5.1,1.3,0.0,12.9,
203,Jake Newberry\newbeja01,25,KCR,AL,0,0,,2.25,4,0,1,0,0,0,4.0,6,3,1,0,2,0,5,0,0,1,19,207,2.03,2.000,13.5,0.0,4.5,11.3,2.50
204,Mike Montgomery*\montgmi01,30,KCR,AL,0,0,,13.50,1,1,0,0,0,0,2.0,5,5,3,1,0,0,1,0,0,0,12,37,8.53,2.500,22.5,4.5,0.0,4.5,
205,Kevin McCarthy\mccarke01,28,KCR,AL,0,0,,4.50,5,0,2,0,0,0,6.0,10,3,3,1,2,0,2,1,0,0,29,101,6.03,2.000,15.0,1.5,3.0,3.0,1.00
206,Richard Lovelady*\lovelri01,24,KCR,AL,0,0,,9.00,1,0,0,0,0,0,1.0,1,1,1,1,1,0,0,0,0,0,4,65,19.03,2.000,9.0,9.0,9.0,0.0,0.00
207,Jorge Lopez\lopezjo02,27,KCR,AL,0,0,,27.00,1,0,0,0,0,0,0.2,3,2,2,0,0,0,0,0,0,0,5,24,3.03,4.500,40.5,0.0,0.0,0.0,
208,Ian Kennedy\kenneia01,35,KCR,AL,0,1,.000,5.14,6,0,0,0,0,0,7.0,7,6,4,4,0,0,8,0,0,0,29,88,8.17,1.000,9.0,5.1,0.0,10.3,
209,Brad Keller\kellebr01,24,KCR,AL,1,0,1.000,0.00,1,1,0,0,0,0,5.0,3,0,0,0,2,0,7,0,0,0,20,,1.43,1.000,5.4,0.0,3.6,12.6,3.50
210,Jakob Junis\junisja01,27,KCR,AL,0,0,,4.00,2,2,0,0,0,0,9.0,11,4,4,2,4,1,4,0,1,1,39,111,6.36,1.667,11.0,2.0,4.0,4.0,1.00
211,Greg Holland\hollagr01,34,KCR,AL,2,0,1.000,2.08,9,0,2,0,0,1,8.2,6,4,2,0,4,0,8,1,0,0,36,215,2.91,1.154,6.2,0.0,4.2,8.3,2.00
212,Foster Griffin*\grifffo01,24,KCR,AL,1,0,1.000,0.00,1,0,0,0,0,0,1.2,0,0,0,0,0,0,1,0,0,0,6,,1.83,0.000,0.0,0.0,0.0,5.4,
213,Danny Duffy*\duffyda01,31,KCR,AL,0,2,.000,5.12,4,4,0,0,0,0,19.1,14,11,11,3,6,0,20,2,0,0,81,85,4.22,1.034,6.5,1.4,2.8,9.3,3.33
214,Kris Bubic*\bubickr01,22,KCR,AL,0,2,.000,3.60,2,2,0,0,0,0,10.0,7,5,4,1,3,0,9,2,0,0,40,123,4.03,1.000,6.3,0.9,2.7,8.1,3.00
215,Ronald Bolanos\bolanro01,23,KCR,AL,0,2,.000,12.27,2,2,0,0,0,0,3.2,8,7,5,2,3,0,2,1,0,2,21,38,12.30,3.000,19.6,4.9,7.4,4.9,0.67
216,Scott Barlow\barlosc01,27,KCR,AL,1,1,.500,1.80,10,0,1,0,0,1,10.0,7,2,2,0,4,1,12,1,0,0,40,246,2.13,1.100,6.3,0.0,3.6,10.8,3.00
217,Julio Teheran\teherju01,29,LAA,AL,0,1,.000,13.50,2,2,0,0,0,0,4.2,7,7,7,2,4,0,3,1,0,1,26,33,10.53,2.357,13.5,3.9,7.7,5.8,0.75
218,Patrick Sandoval*\sandopa02,23,LAA,AL,0,1,.000,2.70,2,2,0,0,0,0,10.0,8,4,3,2,2,0,8,0,0,0,40,160,4.63,1.000,7.2,1.8,1.8,7.2,4.00
219,Jose Rodriguez\rodrijo07,24,LAA,AL,0,0,,0.00,1,0,0,0,0,0,1.2,2,0,0,0,1,0,0,0,0,0,8,,4.83,1.800,10.8,0.0,5.4,0.0,0.00
220,Hansel Robles\robleha01,29,LAA,AL,0,1,.000,15.19,6,0,1,0,0,1,5.1,9,10,9,3,4,0,7,1,0,1,30,29,10.53,2.438,15.2,5.1,6.8,11.8,1.75
221,Noe Ramirez\ramirno01,30,LAA,AL,0,0,,4.50,8,0,1,0,0,0,8.0,6,4,4,1,7,2,5,1,0,0,35,97,6.40,1.625,6.8,1.1,7.9,5.6,0.71
222,Felix Pena\penafe01,30,LAA,AL,1,0,1.000,1.08,6,0,1,0,0,0,8.1,6,1,1,0,1,0,9,0,0,0,31,402,1.23,0.840,6.5,0.0,1.1,9.7,9.00
223,Shohei Ohtani\ohtansh01,25,LAA,AL,0,1,.000,37.80,2,2,0,0,0,0,1.2,3,7,7,0,8,0,3,0,0,1,16,13,13.83,6.600,16.2,0.0,43.2,16.2,0.38
224,Hoby Milner*\milneho01,29,LAA,AL,0,0,,2.08,8,0,2,0,0,0,4.1,2,1,1,1,1,0,4,0,0,0,15,217,4.87,0.692,4.2,2.1,2.1,8.3,4.00
225,Keynan Middleton\middlke01,26,LAA,AL,0,0,,4.05,7,0,1,0,0,0,6.2,10,3,3,2,2,0,7,0,0,1,32,108,5.73,1.800,13.5,2.7,2.7,9.5,3.50
226,Mike Mayers\mayermi01,28,LAA,AL,0,0,,5.40,8,0,0,0,0,0,6.2,6,7,4,1,2,0,9,1,0,0,32,81,3.63,1.200,8.1,1.4,2.7,12.2,4.50
227,Kyle Keller\kelleky01,27,LAA,AL,0,0,,7.71,2,0,1,0,0,0,2.1,3,2,2,0,2,0,1,0,0,1,13,62,4.74,2.143,11.6,0.0,7.7,3.9,0.50
228,Andrew Heaney*\heanean01,29,LAA,AL,1,1,.500,4.26,4,4,0,0,0,0,19.0,18,9,9,1,5,0,19,0,0,1,77,99,2.50,1.211,8.5,0.5,2.4,9.0,3.80
229,Griffin Canning\cannigr01,24,LAA,AL,0,2,.000,3.14,3,3,0,0,0,0,14.1,13,8,5,1,10,0,16,0,0,2,64,136,3.79,1.605,8.2,0.6,6.3,10.0,1.60
230,Ty Buttrey\buttrty01,27,LAA,AL,0,0,,4.50,7,0,3,0,0,2,8.0,8,4,4,0,3,0,3,0,0,1,32,97,3.40,1.375,9.0,0.0,3.4,3.4,1.00
231,Dylan Bundy\bundydy01,27,LAA,AL,2,1,.667,2.08,3,3,0,1,0,0,21.2,11,5,5,2,2,0,25,2,0,0,80,204,2.47,0.600,4.6,0.8,0.8,10.4,12.50
232,Ryan Buchter*\buchtry01,33,LAA,AL,2,0,1.000,2.70,7,0,1,0,0,0,3.1,3,2,1,1,4,0,5,0,0,1,17,171,7.53,2.100,8.1,2.7,10.8,13.5,1.25
233,Cam Bedrosian\bedroca01,28,LAA,AL,0,0,,2.08,4,0,2,0,0,0,4.1,3,1,1,0,4,0,3,0,0,1,19,217,4.41,1.615,6.2,0.0,8.3,6.2,0.75
234,Jacob Barnes\barneja01,30,LAA,AL,0,2,.000,4.05,7,0,2,0,0,0,6.2,7,5,3,0,2,0,6,0,0,0,28,108,2.13,1.350,9.5,0.0,2.7,8.1,3.00
235,Luke Bard\bardlu01,29,LAA,AL,0,0,,0.00,1,0,1,0,0,0,1.0,2,0,0,0,0,0,1,0,1,0,5,,1.03,2.000,18.0,0.0,0.0,9.0,
236,Matt Andriese\andrima01,30,LAA,AL,0,1,.000,5.84,4,1,0,0,0,0,12.1,12,9,8,0,6,0,10,1,0,0,53,73,3.11,1.459,8.8,0.0,4.4,7.3,1.67
237,Alex Wood*\woodal02,29,LAD,NL,0,1,.000,9.00,1,1,0,0,0,0,3.0,3,3,3,1,3,0,4,0,0,1,15,52,7.69,2.000,9.0,3.0,9.0,12.0,1.33
238,Julio Urias*\uriasju01,23,LAD,NL,1,0,1.000,2.40,3,3,0,0,0,0,15.0,13,4,4,0,6,0,10,0,0,0,61,176,2.89,1.267,7.8,0.0,3.6,6.0,1.67
239,Blake Treinen\treinbl01,32,LAD,NL,0,1,.000,0.00,8,0,0,0,0,0,7.1,4,4,0,0,6,1,7,1,0,0,32,,3.98,1.364,4.9,0.0,7.4,8.6,1.17
240,Ross Stripling\stripro01,30,LAD,NL,3,0,1.000,4.00,3,3,0,0,0,0,18.0,14,8,8,3,4,0,16,1,0,0,73,105,4.25,1.000,7.0,1.5,2.0,8.0,4.00
241,Dennis Santana\santade01,24,LAD,NL,1,0,1.000,4.05,4,0,1,0,0,0,6.2,6,3,3,1,2,0,10,1,0,0,28,108,3.33,1.200,8.1,1.4,2.7,13.5,5.00
242,Jake McGee*\mcgeeja01,33,LAD,NL,1,0,1.000,0.00,7,0,2,0,0,0,6.1,2,0,0,0,1,0,10,0,0,0,22,,0.34,0.474,2.8,0.0,1.4,14.2,10.00
243,Dustin May\maydu01,22,LAD,NL,1,1,.500,2.75,4,4,0,0,0,0,19.2,18,6,6,2,5,0,17,1,0,0,81,153,3.54,1.169,8.2,0.9,2.3,7.8,3.40
244,Adam Kolarek*\kolarad01,31,LAD,NL,2,0,1.000,0.00,4,0,0,0,0,0,3.1,2,0,0,0,0,0,3,0,0,1,12,,1.23,0.600,5.4,0.0,0.0,8.1,
245,Clayton Kershaw*\kershcl01,32,LAD,NL,1,1,.500,3.60,2,2,0,0,0,0,10.0,10,4,4,3,1,0,12,0,0,0,41,119,4.83,1.100,9.0,2.7,0.9,10.8,12.00
246,Joe Kelly\kellyjo05,32,LAD,NL,0,0,,0.00,7,0,2,0,0,0,6.1,5,0,0,0,5,0,5,0,0,2,26,,3.82,1.579,7.1,0.0,7.1,7.1,1.00
247,Kenley Jansen\janseke01,32,LAD,NL,0,0,,1.29,7,0,6,0,0,4,7.0,3,1,1,0,3,0,7,1,0,0,27,338,2.74,0.857,3.9,0.0,3.9,9.0,2.33
248,Brusdar Graterol\gratebr01,21,LAD,NL,0,2,.000,5.40,7,0,1,0,0,0,6.2,6,4,4,0,1,0,6,0,0,0,26,81,1.68,1.050,8.1,0.0,1.4,8.1,6.00
249,Victor Gonzalez*\gonzavi02,24,LAD,NL,0,0,,9.00,1,0,0,0,0,0,1.0,3,1,1,0,0,0,1,1,0,0,7,63,4.03,3.000,27.0,0.0,0.0,9.0,
250,Tony Gonsolin\gonsoto01,26,LAD,NL,0,0,,0.00,1,1,0,0,0,0,4.0,1,0,0,0,1,0,1,0,0,0,13,,3.28,0.500,2.3,0.0,2.3,2.3,1.00
251,Dylan Floro\florody01,29,LAD,NL,1,0,1.000,0.00,7,0,3,0,0,0,6.2,3,0,0,0,1,0,7,0,0,0,23,,1.38,0.600,4.1,0.0,1.4,9.5,7.00
252,Caleb Ferguson*\ferguca01,23,LAD,NL,0,0,,1.35,8,0,0,0,0,0,6.2,4,1,1,1,1,0,10,0,0,0,23,323,2.43,0.750,5.4,1.4,1.4,13.5,10.00
253,Walker Buehler\buehlwa01,25,LAD,NL,0,0,,4.40,3,3,0,0,0,0,14.1,7,7,7,4,8,0,12,1,0,1,58,96,6.86,1.047,4.4,2.5,5.0,7.5,1.50
254,Pedro Baez\baezpe01,32,LAD,NL,0,0,,1.17,7,0,1,0,0,1,7.2,4,1,1,0,2,0,5,0,0,0,29,369,2.51,0.783,4.7,0.0,2.3,5.9,2.50
255,Scott Alexander*\alexasc02,30,LAD,NL,0,0,,0.00,5,0,1,0,0,0,5.1,2,1,0,0,2,1,7,0,0,0,18,,1.53,0.750,3.4,0.0,3.4,11.8,3.50
256,Jordan Yamamoto\yamamjo01,24,MIA,NL,0,0,,9.00,1,1,0,0,0,0,4.0,6,4,4,2,0,0,4,0,0,0,18,51,7.53,1.500,13.5,4.5,0.0,9.0,
257,Nick Vincent\vinceni01,33,MIA,NL,1,0,1.000,0.00,2,0,1,0,0,1,3.0,1,0,0,0,1,0,1,0,0,0,10,,3.36,0.667,3.0,0.0,3.0,3.0,1.00
258,Alex Vesia*\vesiaal01,24,MIA,NL,0,1,.000,27.00,1,0,0,0,0,0,0.2,1,2,2,1,1,0,1,0,0,0,4,24,24.03,3.000,13.5,13.5,13.5,13.5,1.00
259,Pat Venditte#\vendipa01,35,MIA,NL,0,0,,0.00,1,0,1,0,0,0,1.0,0,0,0,0,0,0,0,2,0,0,4,,9.03,0.000,0.0,0.0,0.0,0.0,
260,Stephen Tarpley*\tarplst01,27,MIA,NL,2,0,1.000,3.38,5,0,2,0,0,1,5.1,4,2,2,1,1,0,3,1,0,0,21,133,5.46,0.938,6.8,1.7,1.7,5.1,3.00
261,Ryne Stanek\stanery01,28,MIA,NL,0,0,,27.00,1,0,0,0,0,0,1.0,3,3,3,1,1,0,1,0,0,0,7,21,17.03,4.000,27.0,9.0,9.0,9.0,1.00
262,Josh Smith\smithjo07,32,MIA,NL,0,0,,3.38,2,1,0,0,0,0,2.2,2,1,1,1,1,0,1,0,0,0,11,142,8.28,1.125,6.8,3.4,3.4,3.4,1.00
263,Caleb Smith*\smithca03,28,MIA,NL,0,0,,3.00,1,1,0,0,0,0,3.0,1,1,1,1,6,0,3,0,0,0,15,158,11.36,2.333,3.0,3.0,18.0,9.0,0.50
264,Sterling Sharp\sharpst01,25,MIA,NL,0,0,,0.00,1,0,0,0,0,0,1.2,1,0,0,0,0,0,1,0,0,0,6,,1.83,0.600,5.4,0.0,0.0,5.4,
265,Justin Shafer\shafeju01,27,MIA,NL,0,0,,3.00,2,0,0,0,0,0,3.0,2,1,1,0,1,0,3,0,0,0,12,158,2.03,1.000,6.0,0.0,3.0,9.0,3.00
266,Nick Neidert\neideni01,23,MIA,NL,0,0,,0.00,1,0,0,0,0,0,2.1,1,0,0,0,1,0,0,0,0,0,8,,4.31,0.857,3.9,0.0,3.9,0.0,0.00
267,Mike Morin\morinmi01,29,MIA,NL,1,0,1.000,0.00,2,0,0,0,0,0,3.2,1,0,0,0,1,0,2,0,0,0,11,,2.75,0.545,2.5,0.0,2.5,4.9,2.00
268,Humberto Mejia\mejiahu01,23,MIA,NL,0,0,,3.86,1,1,0,0,0,0,2.1,2,1,1,1,2,0,6,0,0,0,11,126,6.03,1.714,7.7,3.9,7.7,23.1,3.00
269,Pablo Lopez\lopezpa01,24,MIA,NL,1,1,.500,1.80,2,2,0,0,0,0,10.0,7,3,2,0,4,0,11,0,0,0,42,243,2.03,1.100,6.3,0.0,3.6,9.9,2.75
270,Brandon Kintzler\kintzbr01,35,MIA,NL,0,0,,1.80,5,0,5,0,0,3,5.0,5,1,1,0,1,0,2,0,0,0,20,251,2.83,1.200,9.0,0.0,1.8,3.6,2.00
271,James Hoyt\hoytja01,33,MIA,NL,0,0,,3.86,3,0,0,0,0,0,2.1,2,1,1,0,0,0,4,0,0,0,9,126,-0.40,0.857,7.7,0.0,0.0,15.4,
272,Jordan Holloway\hollojo01,24,MIA,NL,0,0,,0.00,1,0,0,0,0,0,0.1,2,0,0,0,1,0,0,0,0,0,4,,12.03,9.000,54.0,0.0,27.0,0.0,0.00
273,Elieser Hernandez\hernael01,25,MIA,NL,0,0,,0.00,1,1,0,0,0,0,4.1,2,0,0,0,1,0,5,2,0,0,18,,2.80,0.692,4.2,0.0,2.1,10.4,5.00
274,Jorge Guzman\guzmajo04,24,MIA,NL,0,0,,18.00,1,0,0,0,0,0,1.0,2,2,2,2,1,0,0,1,0,0,7,32,35.03,3.000,18.0,18.0,9.0,0.0,0.00
275,Yimi Garcia\garciyi01,29,MIA,NL,0,0,,0.00,2,0,0,0,0,0,2.2,2,0,0,0,3,0,2,0,0,0,13,,4.90,1.875,6.8,0.0,10.1,6.8,0.67
276,Robert Dugger\duggero01,24,MIA,NL,0,0,,10.80,1,1,0,0,0,0,3.1,6,5,4,1,1,0,2,0,0,1,17,43,6.63,2.100,16.2,2.7,2.7,5.4,2.00
277,Daniel Castano*\castada01,25,MIA,NL,0,1,.000,8.31,1,1,0,0,0,0,4.1,5,5,4,2,1,0,4,0,0,0,20,55,7.87,1.385,10.4,4.2,2.1,8.3,4.00
278,Jeff Brigham\brighje01,28,MIA,NL,0,0,,9.00,1,0,0,0,0,0,1.0,2,1,1,0,0,0,0,0,0,0,5,64,3.03,2.000,18.0,0.0,0.0,0.0,
279,Brad Boxberger\boxbebr01,32,MIA,NL,0,0,,0.00,4,0,0,0,0,0,3.1,1,0,0,0,3,0,4,0,0,0,15,,3.33,1.200,2.7,0.0,8.1,10.8,1.33
280,Sandy Alcantara\alcansa01,24,MIA,NL,1,0,1.000,1.35,1,1,0,0,0,0,6.2,3,2,1,1,2,0,7,0,0,0,24,329,3.78,0.750,4.1,1.4,2.7,9.5,3.50
281,Eric Yardley\yardler01,29,MIL,NL,0,0,,0.00,6,0,3,0,0,0,5.2,4,1,0,0,2,0,4,0,0,0,23,,2.67,1.059,6.4,0.0,3.2,6.4,2.00
282,Brandon Woodruff\woodrbr01,27,MIL,NL,1,1,.500,2.53,4,4,0,0,0,0,21.1,16,6,6,3,5,0,26,1,0,0,83,178,3.26,0.984,6.8,1.3,2.1,11.0,5.20
283,Devin Williams\willide03,25,MIL,NL,0,1,.000,1.69,5,0,0,0,0,0,5.1,3,4,1,1,3,0,10,1,0,1,25,280,3.96,1.125,5.1,1.7,5.1,16.9,3.33
284,Bobby Wahl\wahlbo01,28,MIL,NL,0,1,.000,11.57,3,0,1,0,0,0,2.1,4,3,3,2,0,0,1,0,0,0,11,44,13.31,1.714,15.4,7.7,0.0,3.9,
285,Brent Suter*\suterbr01,30,MIL,NL,2,0,1.000,4.32,4,0,1,0,0,0,8.1,10,6,4,1,1,0,8,1,0,0,37,107,3.39,1.320,10.8,1.1,1.1,8.6,8.00
286,David Phelps\phelpda01,33,MIL,NL,1,1,.500,1.59,5,0,1,0,0,0,5.2,3,1,1,0,2,0,7,0,0,1,21,296,1.62,0.882,4.8,0.0,3.2,11.1,3.50
287,Freddy Peralta\peralfr01,24,MIL,NL,0,1,.000,3.60,3,1,1,0,0,0,10.0,5,4,4,0,4,0,17,2,0,1,41,127,1.43,0.900,4.5,0.0,3.6,15.3,4.25
288,Josh Lindblom\lindbjo01,33,MIL,NL,1,0,1.000,4.15,2,2,0,0,0,0,8.2,7,4,4,1,4,0,12,0,0,0,35,111,3.14,1.269,7.3,1.0,4.2,12.5,3.00
289,Eric Lauer*\lauerer01,25,MIL,NL,0,1,.000,9.53,2,1,0,0,0,0,5.2,6,6,6,1,4,0,8,1,0,0,28,49,5.14,1.765,9.5,1.6,6.4,12.7,2.00
290,Corey Knebel\knebeco01,28,MIL,NL,0,0,,7.71,6,0,0,0,0,0,4.2,6,4,4,2,2,0,5,0,0,0,22,62,7.74,1.714,11.6,3.9,3.9,9.6,2.50
291,Adrian Houser\housead01,27,MIL,NL,1,1,.500,2.65,3,3,0,0,0,0,17.0,12,5,5,2,6,0,13,2,0,0,65,171,4.44,1.059,6.4,1.1,3.2,6.9,2.17
292,Josh Hader*\haderjo01,26,MIL,NL,0,0,,0.00,3,0,2,0,0,2,3.0,0,0,0,0,1,0,3,0,0,0,10,,2.03,0.333,0.0,0.0,3.0,9.0,3.00
293,Justin Grimm\grimmju01,31,MIL,NL,0,0,,9.00,2,0,1,0,0,0,3.0,3,3,3,2,1,0,4,0,0,0,13,55,10.03,1.333,9.0,6.0,3.0,12.0,4.00
294,J.P. Feyereisen\feyerjo01,27,MIL,NL,0,0,,9.00,1,0,1,0,0,0,1.0,1,1,1,1,0,0,1,0,0,0,4,66,14.03,1.000,9.0,9.0,0.0,9.0,
295,Alex Claudio*\claudal01,28,MIL,NL,0,0,,4.15,4,0,2,0,0,0,4.1,4,2,2,0,2,0,3,1,0,1,20,115,3.72,1.385,8.3,0.0,4.2,6.2,1.50
296,Corbin Burnes\burneco01,25,MIL,NL,0,0,,2.92,3,1,1,0,0,0,12.1,6,4,4,1,8,0,19,2,0,0,51,156,3.43,1.135,4.4,0.7,5.8,13.9,2.38
297,Brett Anderson*\anderbr04,32,MIL,NL,0,1,.000,5.40,2,2,0,0,0,0,6.2,9,5,4,1,2,0,4,2,0,0,34,86,5.58,1.650,12.2,1.4,2.7,5.4,2.00
298,Matt Wisler\wislema01,27,MIN,AL,0,1,.000,1.23,5,0,2,0,0,0,7.1,3,1,1,1,5,0,10,0,0,0,30,346,4.12,1.091,3.7,1.2,6.1,12.3,2.00
299,Lewis Thorpe*\thorple01,24,MIN,AL,0,1,.000,6.23,4,1,1,0,0,0,8.2,12,6,6,2,6,0,4,0,0,0,40,68,7.18,2.077,12.5,2.1,6.2,4.2,0.67
300,Caleb Thielbar*\thielca01,33,MIN,AL,0,0,,5.40,2,0,0,0,0,0,3.1,6,2,2,0,2,0,3,0,0,0,18,83,3.03,2.400,16.2,0.0,5.4,8.1,1.50
301,Cody Stashak\stashco01,26,MIN,AL,0,0,,4.50,5,0,1,0,0,0,6.0,5,3,3,2,2,0,7,0,0,0,25,95,6.03,1.167,7.5,3.0,3.0,10.5,3.50
302,Devin Smeltzer*\smeltde01,24,MIN,AL,1,0,1.000,8.00,3,1,0,0,0,0,9.0,12,8,8,2,3,0,9,0,0,0,40,53,4.92,1.667,12.0,2.0,3.0,9.0,3.00
303,Sergio Romo\romose01,37,MIN,AL,0,0,,3.00,6,0,2,0,0,2,6.0,2,2,2,1,1,0,7,1,0,0,22,143,3.86,0.500,3.0,1.5,1.5,10.5,7.00
304,Taylor Rogers*\rogerta01,29,MIN,AL,1,1,.500,3.38,6,0,6,0,0,4,5.1,5,2,2,0,0,0,7,0,0,0,21,128,0.40,0.938,8.4,0.0,0.0,11.8,
305,Sean Poppen\poppese01,26,MIN,AL,0,0,,3.00,2,0,2,0,0,0,3.0,4,1,1,0,2,0,5,0,0,3,15,152,1.69,2.000,12.0,0.0,6.0,15.0,2.50
306,Jake Odorizzi\odorija01,30,MIN,AL,0,0,,6.00,1,1,0,0,0,0,3.0,4,2,2,1,2,0,2,1,0,0,15,76,9.03,2.000,12.0,3.0,6.0,6.0,1.00
307,Trevor May\maytr01,30,MIN,AL,1,0,1.000,1.59,6,0,1,0,0,1,5.2,3,1,1,1,2,0,10,0,0,0,23,271,2.85,0.882,4.8,1.6,3.2,15.9,5.00
308,Kenta Maeda\maedake01,32,MIN,AL,2,0,1.000,2.65,3,3,0,0,0,0,17.0,8,5,5,2,3,0,16,0,0,0,62,156,3.20,0.647,4.2,1.1,1.6,8.5,5.33
309,Zack Littell\litteza01,24,MIN,AL,0,0,,12.00,2,0,0,0,0,0,3.0,6,4,4,3,3,0,1,0,0,1,16,38,18.36,3.000,18.0,9.0,9.0,3.0,0.33
310,Rich Hill*\hillri01,40,MIN,AL,1,0,1.000,0.00,1,1,0,0,0,0,5.0,2,0,0,0,1,0,2,0,0,0,18,,2.83,0.600,3.6,0.0,1.8,3.6,2.00
311,Cory Gearrin\gearrco01,34,MIN,AL,0,0,,0.00,1,0,1,0,0,0,2.0,0,0,0,0,2,0,1,0,0,0,7,,5.03,1.000,0.0,0.0,9.0,4.5,0.50
312,Tyler Duffey\duffety01,29,MIN,AL,0,0,,0.00,6,0,0,0,0,0,6.0,2,0,0,0,0,0,10,0,0,0,20,,-0.31,0.333,3.0,0.0,0.0,15.0,
313,Randy Dobnak\dobnara01,25,MIN,AL,3,1,.750,0.90,4,4,0,0,0,0,20.0,13,2,2,0,5,0,11,0,0,0,76,457,2.68,0.900,5.9,0.0,2.3,5.0,2.20
314,Tyler Clippard\clippty01,35,MIN,AL,0,0,,1.17,7,1,0,0,0,0,7.2,4,1,1,0,2,0,7,0,0,0,28,361,1.98,0.783,4.7,0.0,2.3,8.2,3.50
315,Jose Berrios\berrijo01,26,MIN,AL,1,2,.333,5.31,4,4,0,0,0,0,20.1,22,12,12,3,9,0,17,1,0,3,91,77,4.75,1.525,9.7,1.3,4.0,7.5,1.89
316,Homer Bailey\baileho02,34,MIN,AL,1,0,1.000,3.60,1,1,0,0,0,0,5.0,4,2,2,1,2,0,4,0,0,0,20,121,5.23,1.200,7.2,1.8,3.6,7.2,2.00
317,Jorge Alcala\alcaljo01,24,MIN,AL,0,0,,3.60,3,0,1,0,0,0,5.0,3,3,2,1,1,0,8,0,0,0,18,121,3.03,0.800,5.4,1.8,1.8,14.4,8.00
318,Justin Wilson*\wilsoju10,32,NYM,NL,0,1,.000,6.23,6,0,1,0,0,0,4.1,6,3,3,0,4,1,7,0,0,0,23,71,2.57,2.308,12.5,0.0,8.3,14.5,1.75
319,Michael Wacha\wachami01,28,NYM,NL,1,2,.333,6.43,3,3,0,0,0,0,14.0,18,10,10,3,5,0,18,1,0,0,65,65,4.53,1.643,11.6,1.9,3.2,11.6,3.60
320,Hunter Strickland\strichu01,31,NYM,NL,0,1,.000,11.57,3,0,2,0,0,0,2.1,5,4,3,0,0,0,2,0,0,0,13,41,1.31,2.143,19.3,0.0,0.0,7.7,
321,Drew Smith\smithdr01,26,NYM,NL,0,0,,1.80,6,0,2,0,0,0,5.0,3,1,1,0,0,0,5,0,0,1,18,244,1.03,0.600,5.4,0.0,0.0,9.0,
322,Chasen Shreve*\shrevch01,29,NYM,NL,0,0,,4.32,4,0,0,0,0,0,8.1,5,4,4,2,3,0,12,0,0,0,32,99,4.35,0.960,5.4,2.2,3.2,13.0,4.00
323,Paul Sewald\sewalpa01,30,NYM,NL,0,0,,13.50,5,0,1,0,0,0,6.0,12,9,9,1,4,0,2,1,0,0,35,32,7.03,2.667,18.0,1.5,6.0,3.0,0.50
324,Rick Porcello\porceri01,31,NYM,NL,1,1,.500,6.92,3,3,0,0,0,0,13.0,17,12,10,0,6,0,10,0,0,0,61,61,2.87,1.769,11.8,0.0,4.2,6.9,1.67
325,David Peterson*\peterda01,24,NYM,NL,2,1,.667,3.78,3,3,0,0,0,0,16.2,16,7,7,2,6,0,14,0,0,0,68,111,3.99,1.320,8.6,1.1,3.2,7.6,2.33
326,Corey Oswalt\oswalco01,26,NYM,NL,0,0,,11.25,1,0,0,0,0,0,4.0,7,5,5,3,1,0,3,0,0,0,20,40,12.03,2.000,15.8,6.8,2.3,6.8,3.00
327,Steven Matz*\matzst01,29,NYM,NL,0,3,.000,8.20,4,4,0,0,0,0,18.2,25,17,17,8,3,0,18,0,0,1,83,51,7.15,1.500,12.1,3.9,1.4,8.7,6.00
328,Seth Lugo\lugose01,30,NYM,NL,1,1,.500,2.00,7,0,4,0,0,3,9.0,3,2,2,1,2,0,9,0,0,0,31,213,3.14,0.556,3.0,1.0,2.0,9.0,4.50
329,Franklyn Kilome\kilomfr01,25,NYM,NL,0,0,,4.50,1,0,1,0,0,0,4.0,2,2,2,1,0,0,5,1,0,0,15,99,4.53,0.500,4.5,2.3,0.0,11.3,
330,Jared Hughes\hugheja02,34,NYM,NL,0,0,,0.00,3,0,1,0,0,0,3.2,1,0,0,0,3,0,5,0,0,0,15,,2.75,1.091,2.5,0.0,7.4,12.3,1.67
331,Luis Guillorme\guilllu01,25,NYM,NL,0,0,,0.00,1,0,1,0,0,0,1.0,0,0,0,0,0,0,0,0,0,0,3,,3.03,0.000,0.0,0.0,0.0,0.0,
332,Robert Gsellman\gsellro01,26,NYM,NL,0,0,,0.00,1,0,0,0,0,0,1.0,1,0,0,0,0,0,2,0,0,0,4,,-0.97,1.000,9.0,0.0,0.0,18.0,
333,Jeurys Familia\familje01,30,NYM,NL,0,0,,5.68,7,0,1,0,0,0,6.1,6,4,4,0,6,0,6,0,0,0,29,76,3.97,1.895,8.5,0.0,8.5,8.5,1.00
334,Edwin Diaz\diazed04,26,NYM,NL,0,0,,2.84,7,0,3,0,0,1,6.1,4,2,2,1,4,0,13,1,0,0,27,152,3.34,1.263,5.7,1.4,5.7,18.5,3.25
335,Jacob deGrom\degroja01,32,NYM,NL,2,0,1.000,2.45,4,4,0,0,0,0,22.0,16,6,6,2,5,0,28,0,0,3,86,169,2.35,0.955,6.5,0.8,2.0,11.5,5.60
336,Dellin Betances\betande01,32,NYM,NL,0,0,,8.31,6,0,0,0,0,0,4.1,5,4,4,0,3,0,3,0,0,1,19,53,3.72,1.846,10.4,0.0,6.2,6.2,1.00
337,Masahiro Tanaka\tanakma01,31,NYY,AL,0,0,,1.17,2,2,0,0,0,0,7.2,5,2,1,0,1,0,8,0,0,0,29,371,1.33,0.783,5.9,0.0,1.2,9.4,8.00
338,James Paxton*\paxtoja01,31,NYY,AL,0,1,.000,7.84,3,3,0,0,0,0,10.1,16,11,9,3,2,0,16,1,0,1,49,55,4.58,1.742,13.9,2.6,1.7,13.9,8.00
339,Adam Ottavino\ottavad01,34,NYY,AL,2,1,.667,1.50,7,0,2,0,0,0,6.0,3,1,1,0,3,0,5,1,0,1,24,294,3.36,1.000,4.5,0.0,4.5,7.5,1.67
340,Nick Nelson\nelsoni01,24,NYY,AL,1,0,1.000,11.57,2,0,0,0,0,0,4.2,7,7,6,1,3,0,4,0,0,0,25,39,6.03,2.143,13.5,1.9,5.8,7.7,1.33
341,Jordan Montgomery*\montgjo01,27,NYY,AL,1,1,.500,5.59,2,2,0,0,0,0,9.2,11,6,6,2,2,0,6,1,0,0,41,77,5.41,1.345,10.2,1.9,1.9,5.6,3.00
342,Jonathan Loaisiga\loaisjo01,25,NYY,AL,1,0,1.000,4.32,3,2,0,0,0,0,8.1,6,4,4,2,4,0,10,2,0,0,35,101,5.91,1.200,6.5,2.2,4.3,10.8,2.50
343,Brooks Kriske\kriskbr01,26,NYY,AL,0,0,,6.75,2,0,1,0,0,0,1.1,1,1,1,0,3,0,2,0,0,0,8,79,6.78,3.000,6.8,0.0,20.3,13.5,0.67
344,Mike King\kingmi01,25,NYY,AL,0,1,.000,7.59,3,1,0,0,0,0,10.2,7,9,9,3,5,0,10,0,0,0,43,57,6.21,1.125,5.9,2.5,4.2,8.4,2.00
345,Tommy Kahnle\kahnlto01,30,NYY,AL,0,0,,0.00,1,0,0,0,0,0,1.0,1,0,0,0,1,1,3,0,0,0,6,,0.03,2.000,9.0,0.0,9.0,27.0,3.00
346,Jonathan Holder\holdejo02,27,NYY,AL,0,0,,0.00,5,0,2,0,0,0,6.2,5,0,0,0,3,1,6,0,0,0,28,,2.58,1.200,6.8,0.0,4.1,8.1,2.00
347,Ben Heller\hellebe01,28,NYY,AL,0,0,,5.40,2,0,1,0,0,0,1.2,1,1,1,1,0,0,0,0,0,0,6,94,10.83,0.600,5.4,5.4,0.0,0.0,
348,J.A. Happ*\happja01,37,NYY,AL,0,1,.000,10.29,2,2,0,0,0,0,7.0,7,8,8,3,8,0,3,0,0,0,36,43,11.17,2.143,9.0,3.9,10.3,3.9,0.38
349,David Hale\haleda02,32,NYY,AL,0,0,,1.59,4,0,1,0,0,1,5.2,5,1,1,0,3,0,6,0,0,0,23,279,2.50,1.412,7.9,0.0,4.8,9.5,2.00
350,Chad Green\greench03,29,NYY,AL,2,0,1.000,0.96,6,0,0,0,0,0,9.1,1,1,1,0,3,1,13,0,0,3,32,448,1.21,0.429,1.0,0.0,2.9,12.5,4.33
351,Gerrit Cole\colege01,29,NYY,AL,3,0,1.000,3.22,4,4,0,1,0,0,22.1,16,8,8,4,5,0,26,1,0,0,88,131,3.83,0.940,6.4,1.6,2.0,10.5,5.20
352,Luis Cessa\cessalu01,28,NYY,AL,0,0,,0.00,2,0,1,0,0,0,3.1,2,0,0,0,0,0,3,0,0,0,12,,1.23,0.600,5.4,0.0,0.0,8.1,
353,Zack Britton*\brittza01,32,NYY,AL,0,1,.000,1.59,6,0,6,0,0,5,5.2,3,1,1,0,2,0,4,0,0,1,21,279,2.67,0.882,4.8,0.0,3.2,6.4,2.00
354,Luis Avilan*\avilalu01,30,NYY,AL,0,0,,3.60,6,0,1,0,0,0,5.0,4,2,2,1,3,0,8,0,0,0,22,124,4.23,1.400,7.2,1.8,5.4,14.4,2.67
355,Albert Abreu\abreual01,24,NYY,AL,0,0,,13.50,1,0,0,0,0,0,1.1,3,2,2,0,2,0,2,1,0,0,10,39,6.78,3.750,20.3,0.0,13.5,13.5,1.00
356,J.B. Wendelken\wendejb01,27,OAK,AL,1,0,1.000,4.05,6,0,2,0,0,0,6.2,6,4,3,1,4,0,8,0,0,1,32,101,4.38,1.500,8.1,1.4,5.4,10.8,2.00
357,Jordan Weems\weemsjo01,27,OAK,AL,0,0,,3.60,2,0,0,0,0,0,5.0,5,2,2,0,1,0,5,0,0,1,20,116,1.63,1.200,9.0,0.0,1.8,9.0,5.00
358,Lou Trivino\trivilo01,28,OAK,AL,0,0,,9.00,4,0,2,0,0,0,5.0,5,5,5,1,1,0,6,0,0,0,22,46,3.83,1.200,9.0,1.8,1.8,10.8,6.00
359,Joakim Soria\soriajo01,36,OAK,AL,1,0,1.000,0.00,7,0,2,0,0,2,7.2,5,1,0,0,2,1,13,0,0,0,31,,0.42,0.913,5.9,0.0,2.3,15.3,6.50
360,Burch Smith\smithbu03,30,OAK,AL,2,0,1.000,0.00,5,0,3,0,0,1,10.1,4,0,0,0,1,0,10,0,0,0,36,,1.38,0.484,3.5,0.0,0.9,8.7,10.00
361,Yusmeiro Petit\petityu01,35,OAK,AL,1,1,.500,3.38,10,0,2,0,0,0,8.0,8,3,3,2,1,0,7,0,0,0,32,120,4.90,1.125,9.0,2.3,1.1,7.9,7.00
362,Frankie Montas\montafr02,27,OAK,AL,2,1,.667,1.57,4,4,0,0,0,0,23.0,14,4,4,0,9,0,22,1,0,0,91,252,2.42,1.000,5.5,0.0,3.5,8.6,2.44
363,Daniel Mengden\mengdda01,27,OAK,AL,0,1,.000,6.75,1,1,0,0,0,0,4.0,5,3,3,1,2,0,4,0,0,0,19,63,5.78,1.750,11.3,2.3,4.5,9.0,2.00
364,T.J. McFarland*\mcfartj01,31,OAK,AL,1,0,1.000,0.00,8,0,0,0,0,0,7.1,6,0,0,0,1,0,2,0,0,0,28,,2.89,0.955,7.4,0.0,1.2,2.5,2.00
365,Sean Manaea*\manaese01,28,OAK,AL,0,2,.000,9.00,4,4,0,0,0,0,15.0,24,17,15,3,4,0,13,0,0,1,71,44,4.69,1.867,14.4,1.8,2.4,7.8,3.25
366,Jesus Luzardo*\luzarje01,22,OAK,AL,1,0,1.000,2.60,4,2,0,0,0,0,17.1,13,5,5,1,7,1,17,0,0,0,68,152,3.03,1.154,6.8,0.5,3.6,8.8,2.43
367,Liam Hendriks\hendrli01,31,OAK,AL,1,0,1.000,2.16,8,0,6,0,0,5,8.1,7,2,2,1,2,1,12,0,0,0,33,188,2.43,1.080,7.6,1.1,2.2,13.0,6.00
368,Mike Fiers\fiersmi01,35,OAK,AL,1,0,1.000,5.63,3,3,0,0,0,0,16.0,18,10,10,3,3,0,5,0,0,0,67,71,5.40,1.313,10.1,1.7,1.7,2.8,1.67
369,Jake Diekman*\diekmja01,33,OAK,AL,0,0,,0.00,7,0,0,0,0,0,6.2,2,0,0,0,4,0,9,0,0,0,26,,2.13,0.900,2.7,0.0,5.4,12.2,2.25
370,Chris Bassitt\bassich01,31,OAK,AL,1,0,1.000,1.08,3,3,0,0,0,0,16.2,11,2,2,0,4,0,15,1,0,2,65,367,2.13,0.900,5.9,0.0,2.2,8.1,3.75
371,Zack Wheeler\wheelza01,30,PHI,NL,2,0,1.000,2.08,2,2,0,0,0,0,13.0,11,4,3,1,4,0,6,0,0,0,48,217,4.03,1.154,7.6,0.7,2.8,4.2,1.50
372,Vince Velasquez\velasvi01,28,PHI,NL,0,0,,6.43,2,2,0,0,0,0,7.0,6,5,5,2,5,0,10,2,0,0,31,72,6.88,1.571,7.7,2.6,6.4,12.9,2.00
373,Ramon Rosso\rossora01,24,PHI,NL,0,0,,5.40,2,0,0,0,0,0,1.2,1,1,1,0,2,0,1,0,0,2,8,98,5.43,1.800,5.4,0.0,10.8,5.4,0.50
374,Nick Pivetta\pivetni01,27,PHI,NL,0,0,,15.88,3,0,0,0,0,0,5.2,10,10,10,3,1,0,4,1,0,1,29,29,9.56,1.941,15.9,4.8,1.6,6.4,4.00
375,Aaron Nola\nolaaa01,27,PHI,NL,1,1,.500,2.79,3,3,0,0,0,0,19.1,10,6,6,3,2,0,29,0,0,0,68,160,2.35,0.621,4.7,1.4,0.9,13.5,14.50
376,Hector Neris\nerishe01,31,PHI,NL,0,0,,0.00,3,0,3,0,0,2,2.1,2,0,0,0,0,0,2,0,0,0,9,,1.31,0.857,7.7,0.0,0.0,7.7,
377,Adam Morgan*\morgaad01,30,PHI,NL,0,0,,10.80,3,0,1,0,0,0,1.2,2,2,2,0,1,0,2,0,0,0,7,49,2.43,1.800,10.8,0.0,5.4,10.8,2.00
378,Reggie McClain\mcclare01,27,PHI,NL,0,0,,4.50,2,0,0,0,0,0,2.0,2,1,1,1,1,0,0,0,0,0,9,115,11.03,1.500,9.0,4.5,4.5,0.0,0.00
379,Trevor Kelley\kelletr01,26,PHI,NL,0,0,,10.80,4,0,2,0,0,0,3.1,8,4,4,2,1,0,5,0,0,1,19,45,8.73,2.700,21.6,5.4,2.7,13.5,5.00
380,Cole Irvin*\irvinco01,26,PHI,NL,0,1,.000,18.00,2,0,1,0,0,0,2.0,7,4,4,0,0,0,1,0,0,0,12,29,2.03,3.500,31.5,0.0,0.0,4.5,
381,Tommy Hunter\hunteto02,33,PHI,NL,0,1,.000,5.40,4,0,0,0,0,0,3.1,5,2,2,0,1,0,3,1,0,0,17,90,3.03,1.800,13.5,0.0,2.7,8.1,3.00
382,Spencer Howard\howarsp01,23,PHI,NL,0,1,.000,7.71,1,1,0,0,0,0,4.2,7,4,4,2,1,0,4,0,0,0,22,61,7.53,1.714,13.5,3.9,1.9,7.7,4.00
383,Deolis Guerra\guerrde01,31,PHI,NL,1,1,.500,11.25,5,0,2,0,0,0,4.0,3,5,5,2,1,0,6,2,0,0,18,42,8.78,1.000,6.8,4.5,2.3,13.5,6.00
384,Zach Eflin\eflinza01,26,PHI,NL,0,0,,0.00,1,1,0,0,0,0,4.0,4,2,0,0,1,0,5,0,0,0,17,,1.28,1.250,9.0,0.0,2.3,11.3,5.00
385,Austin Davis*\davisau01,27,PHI,NL,0,0,,16.88,3,0,1,0,0,0,2.2,9,5,5,1,0,0,2,0,0,0,17,29,6.40,3.375,30.4,3.4,0.0,6.8,
386,Jake Arrieta\arrieja01,34,PHI,NL,1,1,.500,2.45,2,2,0,0,0,0,11.0,10,3,3,2,1,0,10,0,0,2,41,185,3.85,1.000,8.2,1.6,0.8,8.2,10.00
387,Jose Alvarez*\alvarjo02,31,PHI,NL,0,0,,0.00,3,0,1,0,0,0,2.1,2,0,0,0,1,0,3,0,0,0,10,,1.74,1.286,7.7,0.0,3.9,11.6,3.00
388,Trevor Williams\willitr01,28,PIT,NL,0,3,.000,3.52,3,3,0,0,0,0,15.1,12,7,6,2,5,0,14,3,0,1,64,125,4.46,1.109,7.0,1.2,2.9,8.2,2.80
389,Nik Turley*\turleni01,30,PIT,NL,0,0,,5.68,7,0,0,0,0,0,6.1,5,5,4,0,6,0,3,0,0,0,31,80,4.92,1.737,7.1,0.0,8.5,4.3,0.50
390,Chris Stratton\stratch01,29,PIT,NL,0,0,,2.89,7,0,0,0,0,0,9.1,5,3,3,0,3,0,13,0,0,0,35,154,1.21,0.857,4.8,0.0,2.9,12.5,4.33
391,Richard Rodriguez\rodriri05,30,PIT,NL,0,1,.000,3.38,7,0,3,0,0,0,8.0,4,3,3,1,1,0,11,2,0,1,31,133,3.03,0.625,4.5,1.1,1.1,12.4,11.00
392,Yacksel Rios\riosya01,27,PIT,NL,0,0,,9.00,3,0,1,0,0,0,4.0,3,4,4,0,2,0,3,1,0,0,17,52,3.78,1.250,6.8,0.0,4.5,6.8,1.50
393,Cody Ponce\ponceco01,26,PIT,NL,0,1,.000,5.40,2,0,1,0,0,0,3.1,3,3,2,2,1,0,3,0,0,0,14,88,9.93,1.200,8.1,5.4,2.7,8.1,3.00
394,Dovydas Neverauskas\neverdo01,27,PIT,NL,0,2,.000,6.43,7,0,4,0,0,0,7.0,10,7,5,1,3,0,9,0,0,1,33,70,3.60,1.857,12.9,1.3,3.9,11.6,3.00
395,Joe Musgrove\musgrjo01,27,PIT,NL,0,3,.000,6.75,3,3,0,0,0,0,14.2,15,11,11,4,11,0,17,1,0,1,68,65,6.71,1.773,9.2,2.5,6.8,10.4,1.55
396,John Ryan Murphy\murphjr01,29,PIT,NL,0,0,,0.00,1,0,1,0,0,0,1.0,0,0,0,0,0,0,0,0,0,0,3,,3.03,0.000,0.0,0.0,0.0,0.0,
397,Nick Mears\mearsni01,23,PIT,NL,0,0,,9.00,1,0,0,0,0,0,1.0,1,1,1,0,3,0,2,0,0,0,7,65,8.03,4.000,9.0,0.0,27.0,18.0,0.67
398,Chad Kuhl\kuhlch01,27,PIT,NL,0,0,,2.00,3,1,0,0,0,0,9.0,6,2,2,1,3,0,12,0,0,0,35,224,2.80,1.000,6.0,1.0,3.0,12.0,4.00
399,Mitch Keller\kellemi03,24,PIT,NL,1,1,.500,3.52,2,2,0,0,0,0,7.2,7,3,3,2,4,0,3,0,0,2,31,128,7.20,1.435,8.2,2.3,4.7,3.5,0.75
400,Sam Howard*\howarsa01,27,PIT,NL,1,0,1.000,1.80,4,0,1,0,0,0,5.0,4,1,1,0,2,0,7,0,0,0,20,256,1.43,1.200,7.2,0.0,3.6,12.6,3.50
401,Clay Holmes\holmecl01,27,PIT,NL,0,0,,0.00,1,0,0,0,0,0,1.1,2,0,0,0,0,0,1,0,0,0,6,,1.53,1.500,13.5,0.0,0.0,6.8,
402,Derek Holland*\hollade01,33,PIT,NL,0,1,.000,8.27,3,3,0,0,0,0,16.1,19,15,15,6,6,0,16,1,0,1,73,53,7.13,1.531,10.5,3.3,3.3,8.8,2.67
403,Geoff Hartlieb\hartlge01,26,PIT,NL,1,0,1.000,2.45,6,0,0,0,0,0,7.1,7,2,2,0,4,0,5,0,0,0,31,184,3.30,1.500,8.6,0.0,4.9,6.1,1.25
404,Michael Feliz\felizmi01,27,PIT,NL,0,0,,32.40,3,0,0,0,0,0,1.2,4,6,6,1,2,0,2,1,0,0,12,16,13.83,3.600,21.6,5.4,10.8,10.8,1.00
405,Miguel Del Pozo*\delpomi01,27,PIT,NL,0,0,,17.18,5,0,1,0,0,0,3.2,7,7,7,0,8,1,2,0,0,1,25,27,8.48,4.091,17.2,0.0,19.6,4.9,0.25
406,Kyle Crick\crickky01,27,PIT,NL,0,0,,0.00,2,0,0,0,0,0,1.0,3,4,0,0,1,0,2,0,0,0,8,,2.03,4.000,27.0,0.0,9.0,18.0,2.00
407,Nick Burdi\burdini01,27,PIT,NL,0,1,.000,3.86,3,0,3,0,0,1,2.1,2,1,1,0,2,0,4,0,0,0,10,129,2.17,1.714,7.7,0.0,7.7,15.4,2.00
408,JT Brubaker\brubajt01,26,PIT,NL,0,0,,3.38,3,1,0,0,0,0,8.0,8,3,3,1,3,0,9,1,0,1,35,133,3.90,1.375,9.0,1.1,3.4,10.1,3.00
409,Steven Brault*\braulst01,28,PIT,NL,0,0,,5.14,4,3,0,0,0,0,7.0,4,4,4,0,6,0,6,1,0,0,30,88,4.31,1.429,5.1,0.0,7.7,7.7,1.00
410,Kirby Yates\yateski01,33,SDP,NL,0,1,.000,10.38,5,0,3,0,0,2,4.1,7,5,5,1,4,0,7,0,0,1,24,44,5.57,2.538,14.5,2.1,8.3,14.5,1.75
411,Matt Strahm*\strahma01,28,SDP,NL,0,1,.000,2.08,8,0,2,0,0,0,8.2,4,2,2,2,0,0,4,2,0,0,31,212,5.80,0.462,4.2,2.1,0.0,4.2,
412,Craig Stammen\stammcr01,36,SDP,NL,1,1,.500,3.86,7,0,1,0,0,0,7.0,4,4,3,1,3,0,4,0,0,0,30,115,5.03,1.000,5.1,1.3,3.9,5.1,1.33
413,Garrett Richards\richaga01,32,SDP,NL,0,1,.000,4.60,3,3,0,0,0,0,15.2,14,8,8,2,5,0,16,0,0,0,64,94,3.60,1.213,8.0,1.1,2.9,9.2,3.20
414,Cal Quantrill\quantca01,25,SDP,NL,2,0,1.000,3.12,3,0,0,0,0,0,8.2,7,3,3,2,3,0,8,1,0,0,35,141,5.57,1.154,7.3,2.1,3.1,8.3,2.67
415,Drew Pomeranz*\pomerdr01,31,SDP,NL,0,0,,0.00,8,0,3,0,0,3,7.1,1,0,0,0,3,0,10,0,0,0,26,,1.53,0.545,1.2,0.0,3.7,12.3,3.33
416,Luis Perdomo\perdolu02,27,SDP,NL,0,0,,6.00,4,1,1,0,0,0,6.0,5,4,4,0,4,0,4,0,0,0,27,75,3.69,1.500,7.5,0.0,6.0,6.0,1.00
417,Luis Patino\patinlu01,20,SDP,NL,0,0,,12.27,2,0,0,0,0,0,3.2,5,5,5,2,4,0,5,0,0,0,20,38,10.66,2.455,12.3,4.9,9.8,12.3,1.25
418,Emilio Pagan\paganem01,29,SDP,NL,0,0,,6.75,7,0,0,0,0,0,6.2,5,5,5,1,4,0,4,0,0,0,27,66,5.58,1.350,6.8,1.4,5.4,5.4,1.00
419,Chris Paddack\paddach01,24,SDP,NL,2,1,.667,3.18,4,4,0,0,0,0,22.2,20,8,8,4,3,0,21,0,0,0,88,135,3.87,1.015,7.9,1.6,1.2,8.3,7.00
420,Joey Lucchesi*\lucchjo01,27,SDP,NL,0,1,.000,8.44,2,2,0,0,0,0,5.1,11,5,5,0,2,0,5,1,0,0,29,53,2.84,2.438,18.6,0.0,3.4,8.4,2.50
421,Dinelson Lamet\lametdi01,27,SDP,NL,2,0,1.000,1.61,4,4,0,0,0,0,22.1,12,5,4,1,7,0,28,4,0,0,90,266,2.58,0.851,4.8,0.4,2.8,11.3,4.00
422,Pierce Johnson\johnspi01,29,SDP,NL,1,0,1.000,1.80,5,0,2,0,0,0,5.0,4,1,1,1,1,0,5,0,0,0,19,251,4.23,1.000,7.2,1.8,1.8,9.0,5.00
423,Tim Hill*\hillti01,30,SDP,NL,0,0,,11.25,6,0,1,0,0,0,4.0,6,5,5,2,1,0,6,1,1,1,20,41,8.03,1.750,13.5,4.5,2.3,13.5,6.00
424,Javy Guerra\guerrja02,24,SDP,NL,0,0,,7.94,6,0,3,0,0,0,5.2,10,5,5,0,2,0,6,0,0,0,26,57,1.97,2.118,15.9,0.0,3.2,9.5,3.00
425,Zach Davies\davieza02,27,SDP,NL,2,1,.667,2.87,3,3,0,0,0,0,15.2,12,6,5,2,1,0,13,0,0,1,59,150,3.22,0.830,6.9,1.1,0.6,7.5,13.00
426,David Bednar\bednada01,25,SDP,NL,0,0,,3.86,2,0,1,0,0,0,2.1,3,2,1,1,0,0,1,0,0,0,10,126,7.74,1.286,11.6,3.9,0.0,3.9,
427,Taylor Williams\willita01,28,SEA,AL,0,0,,4.91,7,0,5,0,0,3,7.1,6,4,4,1,1,0,10,2,1,1,31,84,3.30,0.955,7.4,1.2,1.2,12.3,10.00
428,Taijuan Walker\walketa01,27,SEA,AL,1,2,.333,5.79,3,3,0,0,0,0,14.0,11,9,9,2,6,0,12,2,0,0,59,69,4.88,1.214,7.1,1.3,3.9,7.7,2.00
429,Erik Swanson\swanser01,26,SEA,AL,0,0,,6.23,4,0,1,0,0,0,4.1,3,3,3,2,1,0,5,0,0,0,16,68,7.41,0.923,6.2,4.2,2.1,10.4,5.00
430,Justus Sheffield*\sheffju01,24,SEA,AL,1,2,.333,5.27,3,3,0,0,0,0,13.2,12,8,8,0,6,0,14,0,0,0,58,76,2.30,1.317,7.9,0.0,4.0,9.2,2.33
431,Bryan Shaw\shawbr01,32,SEA,AL,1,0,1.000,27.00,4,0,0,0,0,0,3.1,10,10,10,1,4,0,1,1,0,0,25,16,10.83,4.200,27.0,2.7,10.8,2.7,0.25
432,Yohan Ramirez\ramiryo01,25,SEA,AL,0,0,,3.86,4,0,2,0,0,0,7.0,4,3,3,2,8,0,12,0,0,0,33,107,6.74,1.714,5.1,2.6,10.3,15.4,1.50
433,Anthony Misiewicz*\misiean01,25,SEA,AL,0,1,.000,5.68,6,0,0,0,0,0,6.1,5,4,4,1,3,0,10,1,0,1,27,73,3.82,1.263,7.1,1.4,4.3,14.2,3.33
434,Nick Margevicius*\margeni01,24,SEA,AL,0,0,,3.24,4,1,1,0,0,0,8.1,7,3,3,2,2,0,8,0,0,0,33,126,4.95,1.080,7.6,2.2,2.2,8.6,4.00
435,Matt Magill\magilma01,30,SEA,AL,0,0,,0.00,6,0,0,0,0,0,6.0,1,0,0,0,4,0,5,0,0,1,23,,3.36,0.833,1.5,0.0,6.0,7.5,1.25
436,Yusei Kikuchi*\kikucyu01,29,SEA,AL,0,1,.000,5.28,3,3,0,0,0,0,15.1,14,9,9,0,6,0,16,0,0,0,62,76,2.11,1.304,8.2,0.0,3.5,9.4,2.67
437,Taylor Guilbeau*\guilbta01,27,SEA,AL,0,0,,1.69,5,0,2,0,0,0,5.1,6,1,1,0,3,0,2,0,0,0,24,249,3.96,1.688,10.1,0.0,5.1,3.4,0.67
438,Zac Grotz\grotzza01,27,SEA,AL,0,0,,12.00,4,0,1,0,0,0,6.0,8,8,8,3,7,0,3,3,0,1,34,35,13.53,2.500,12.0,4.5,10.5,4.5,0.43
439,Kendall Graveman\graveke01,29,SEA,AL,0,2,.000,8.31,2,2,0,0,0,0,8.2,9,9,8,2,5,0,10,0,0,0,40,49,5.45,1.615,9.3,2.1,5.2,10.4,2.00
440,Marco Gonzales*\gonzama02,28,SEA,AL,2,1,.667,3.06,3,3,0,0,0,0,17.2,11,9,6,4,2,0,15,0,0,0,67,131,4.61,0.736,5.6,2.0,1.0,7.6,7.50
441,Joey Gerber\gerbejo01,23,SEA,AL,0,0,,7.36,3,0,0,0,0,0,3.2,3,3,3,0,2,0,0,1,0,1,17,59,5.48,1.364,7.4,0.0,4.9,0.0,0.00
442,Carl Edwards Jr.\edwarca01,28,SEA,AL,0,0,,1.93,5,0,1,0,0,1,4.2,2,1,1,0,1,0,6,0,0,0,17,220,1.10,0.643,3.9,0.0,1.9,11.6,6.00
443,Justin Dunn\dunnju01,24,SEA,AL,1,1,.500,4.85,3,3,0,0,0,0,13.0,11,8,7,3,10,0,8,0,0,0,60,83,7.10,1.615,7.6,2.1,6.9,5.5,0.80
444,Nestor Cortes Jr.*\cortene01,25,SEA,AL,0,0,,7.36,4,0,2,0,0,0,7.1,7,6,6,4,4,0,7,2,0,0,35,56,10.66,1.500,8.6,4.9,4.9,8.6,1.75
445,Brandon Brennan\brennbr01,28,SEA,AL,0,0,,6.75,1,0,0,0,0,0,1.1,2,1,1,0,2,0,0,0,0,0,7,75,7.53,3.000,13.5,0.0,13.5,0.0,0.00
446,Dan Altavilla\altavda01,27,SEA,AL,1,1,.500,9.53,6,0,3,0,0,1,5.2,7,7,6,1,3,0,5,0,0,0,27,44,5.14,1.765,11.1,1.6,4.8,7.9,1.67
447,Logan Webb\webblo01,23,SFG,NL,1,1,.500,2.81,4,4,0,0,0,0,16.0,18,10,5,1,6,0,13,2,0,2,74,153,3.71,1.500,10.1,0.6,3.4,7.3,2.17
448,Tony Watson*\watsoto01,35,SFG,NL,0,0,,2.45,5,0,0,0,0,0,3.2,2,3,1,1,1,0,3,1,0,0,17,189,6.57,0.818,4.9,2.5,2.5,7.4,3.00
449,Andrew Triggs\triggan01,31,SFG,NL,0,1,.000,81.00,1,0,0,0,0,0,0.1,0,3,3,0,3,0,0,0,0,0,4,11,30.03,9.000,0.0,0.0,81.0,0.0,0.00
450,Drew Smyly*\smylydr01,31,SFG,NL,0,0,,3.24,3,2,0,0,0,0,8.1,7,3,3,0,4,0,11,0,0,0,37,136,1.83,1.320,7.6,0.0,4.3,11.9,2.75
451,Sam Selman*\selmasa01,29,SFG,NL,0,0,,1.50,5,0,4,0,0,0,6.0,3,1,1,1,1,0,10,0,0,0,22,298,2.36,0.667,4.5,1.5,1.5,15.0,10.00
452,Jeff Samardzija\samarje01,35,SFG,NL,0,2,.000,9.88,3,3,0,0,0,0,13.2,18,16,15,6,4,0,5,2,0,0,65,44,9.32,1.610,11.9,4.0,2.6,3.3,1.25
453,Tyler Rogers\rogerty01,29,SFG,NL,1,3,.250,11.88,9,0,1,0,0,0,8.1,12,12,11,1,2,0,6,3,0,0,43,37,4.95,1.680,13.0,1.1,2.2,6.5,3.00
454,Wandy Peralta*\peralwa01,28,SFG,NL,1,1,.500,5.68,7,0,2,0,0,0,6.1,8,7,4,2,3,0,8,0,1,0,32,78,6.03,1.737,11.4,2.8,4.3,11.4,2.67
455,Conner Menez*\menezco01,25,SFG,NL,1,0,1.000,2.38,7,0,3,0,0,0,11.1,6,4,3,2,5,0,8,1,0,0,45,183,5.50,0.971,4.8,1.6,4.0,6.4,1.60
456,Dany Jimenez\jimenda01,26,SFG,NL,0,0,,6.75,2,0,1,0,0,0,1.1,1,1,1,0,3,0,1,0,0,0,8,80,8.28,3.000,6.8,0.0,20.3,6.8,0.33
457,Trevor Gott\gotttr01,27,SFG,NL,0,0,,1.80,5,0,4,0,0,4,5.0,3,1,1,1,2,0,2,0,0,0,20,251,6.03,1.000,5.4,1.8,3.6,3.6,1.00
458,Kevin Gausman\gausmke01,29,SFG,NL,0,1,.000,4.05,4,3,0,0,0,0,20.0,20,11,9,2,2,0,23,0,1,1,82,106,2.33,1.100,9.0,0.9,0.9,10.4,11.50
459,Rico Garcia\garciri01,26,SFG,NL,0,1,.000,5.06,8,0,1,0,0,0,5.1,7,3,3,1,2,0,3,0,0,2,24,89,5.46,1.688,11.8,1.7,3.4,5.1,1.50
460,Jarlin Garcia*\garcija04,27,SFG,NL,0,0,,0.00,1,0,0,0,0,0,1.0,1,0,0,0,2,0,0,0,0,0,6,,9.03,3.000,9.0,0.0,18.0,0.0,0.00
461,Johnny Cueto\cuetojo01,34,SFG,NL,1,0,1.000,5.40,4,4,0,0,0,0,18.1,16,12,11,3,9,0,14,2,1,0,80,80,5.43,1.364,7.9,1.5,4.4,6.9,1.56
462,Sam Coonrod\coonrsa01,27,SFG,NL,0,0,,7.36,4,0,0,0,0,0,3.2,4,3,3,0,3,0,2,1,0,0,20,63,5.21,1.909,9.8,0.0,7.4,4.9,0.67
463,Caleb Baragar*\baragca01,26,SFG,NL,2,0,1.000,7.36,7,0,0,0,0,0,7.1,6,6,6,2,1,0,5,0,0,0,28,60,5.62,0.955,7.4,2.5,1.2,6.1,5.00
464,Tyler Anderson*\anderty01,30,SFG,NL,0,1,.000,2.19,4,2,0,0,0,0,12.1,10,3,3,2,8,0,7,0,0,0,52,198,5.95,1.459,7.3,1.5,5.8,5.1,0.88
465,Shaun Anderson\andersh01,25,SFG,NL,0,0,,5.40,8,0,2,0,0,0,6.2,5,4,4,3,5,0,9,0,0,1,29,82,8.43,1.500,6.8,4.1,6.8,12.2,1.80
466,Kodi Whitley\whitlko01,25,STL,NL,0,0,,0.00,2,0,0,0,0,0,2.2,0,0,0,0,0,0,3,0,0,0,8,,0.78,0.000,0.0,0.0,0.0,10.1,
467,Tyler Webb*\webbty01,29,STL,NL,0,0,,0.00,3,0,0,0,0,0,2.1,1,0,0,0,0,0,2,0,0,0,8,,1.31,0.429,3.9,0.0,0.0,7.7,
468,Adam Wainwright\wainwad01,38,STL,NL,1,0,1.000,1.50,1,1,0,0,0,0,6.0,3,1,1,0,1,0,5,1,0,0,23,298,2.36,0.667,4.5,0.0,1.5,7.5,5.00
469,Daniel Ponce de Leon\ponceda01,28,STL,NL,0,1,.000,6.75,2,1,1,0,0,0,4.0,2,3,3,1,3,0,8,1,0,0,18,68,5.28,1.250,4.5,2.3,6.8,18.0,2.67
470,Andrew Miller*\millean01,35,STL,NL,0,0,,5.40,2,0,0,0,0,0,1.2,3,1,1,0,1,0,1,0,0,0,9,95,3.63,2.400,16.2,0.0,5.4,5.4,1.00
471,Carlos Martinez\martica04,28,STL,NL,0,1,.000,14.73,1,1,0,0,0,0,3.2,7,6,6,2,1,1,2,0,0,0,20,31,9.85,2.182,17.2,4.9,2.5,4.9,2.00
472,Kwang Hyun Kim*\kimkw01,31,STL,NL,0,0,,9.00,1,0,1,0,0,1,1.0,2,2,1,0,0,0,0,0,0,0,5,64,3.03,2.000,18.0,0.0,0.0,0.0,
473,Dakota Hudson\hudsoda02,25,STL,NL,0,1,.000,8.31,1,1,0,0,0,0,4.1,7,4,4,2,1,0,4,0,0,0,19,55,7.87,1.846,14.5,4.2,2.1,8.3,4.00
474,Ryan Helsley\helslry01,25,STL,NL,0,0,,0.00,2,0,1,0,0,0,2.2,0,0,0,0,0,0,2,0,0,0,8,,1.53,0.000,0.0,0.0,0.0,6.8,
475,Austin Gomber*\gombeau01,26,STL,NL,0,0,,0.00,2,0,0,0,0,0,3.1,0,0,0,0,1,0,1,0,0,0,11,,3.33,0.300,0.0,0.0,2.7,2.7,1.00
476,John Gant\gantjo01,27,STL,NL,0,0,,0.00,2,0,1,0,0,0,2.2,0,0,0,0,1,0,2,0,0,0,9,,2.65,0.375,0.0,0.0,3.4,6.8,2.00
477,Giovanny Gallegos\gallegi01,28,STL,NL,0,0,,0.00,1,0,0,0,0,0,0.2,0,0,0,0,0,0,0,0,0,0,2,,3.03,0.000,0.0,0.0,0.0,0.0,
478,Jack Flaherty\flaheja01,24,STL,NL,1,0,1.000,2.57,1,1,0,0,0,0,7.0,6,2,2,0,0,0,6,0,0,0,27,173,1.31,0.857,7.7,0.0,0.0,7.7,
479,Junior Fernandez\fernaju01,23,STL,NL,0,0,,0.00,1,0,1,0,0,0,1.0,0,0,0,0,0,0,1,0,0,0,3,,1.03,0.000,0.0,0.0,0.0,9.0,
480,Ryan Yarbrough*\yarbrry01,28,TBR,AL,0,2,.000,4.71,4,4,0,0,0,0,21.0,19,11,11,3,7,1,13,4,0,1,92,86,5.22,1.238,8.1,1.3,3.0,5.6,1.86
481,Ryan Thompson\thompry02,28,TBR,AL,1,0,1.000,1.00,6,1,2,0,0,0,9.0,9,3,1,1,3,0,5,0,0,0,40,416,4.36,1.333,9.0,1.0,3.0,5.0,1.67
482,Blake Snell*\snellbl01,27,TBR,AL,0,0,,3.38,3,3,0,0,0,0,8.0,7,3,3,2,4,0,14,0,0,3,36,124,4.28,1.375,7.9,2.3,4.5,15.8,3.50
483,Chaz Roe\roech01,33,TBR,AL,2,0,1.000,3.86,7,0,3,0,0,0,7.0,9,4,3,0,0,0,7,0,0,0,28,109,1.03,1.286,11.6,0.0,0.0,9.0,
484,Trevor Richards\richatr01,27,TBR,AL,0,0,,5.79,3,0,0,0,0,0,9.1,14,8,6,0,3,0,8,0,0,1,45,72,2.28,1.821,13.5,0.0,2.9,7.7,2.67
485,Charlie Morton\mortoch02,36,TBR,AL,1,1,.500,5.40,4,4,0,0,0,0,16.2,21,10,10,3,4,0,17,2,0,0,77,76,4.41,1.500,11.3,1.6,2.2,9.2,4.25
486,Aaron Loup*\loupaa01,32,TBR,AL,1,0,1.000,0.00,5,0,1,0,0,0,5.1,3,0,0,0,2,0,7,0,0,0,21,,1.53,0.938,5.1,0.0,3.4,11.8,3.50
487,Andrew Kittredge\kittran01,30,TBR,AL,0,0,,2.35,7,0,1,0,0,1,7.2,7,2,2,0,2,0,3,0,0,0,29,179,3.03,1.174,8.2,0.0,2.3,3.5,1.50
488,Tyler Glasnow\glasnty01,26,TBR,AL,0,1,.000,5.56,3,3,0,0,0,0,11.1,9,7,7,3,8,0,19,0,0,1,51,74,5.23,1.500,7.1,2.4,6.4,15.1,2.38
489,Sean Gilmartin*\gilmase01,30,TBR,AL,0,0,,8.10,1,0,0,0,0,0,3.1,5,3,3,2,1,0,4,0,0,0,16,55,9.33,1.800,13.5,5.4,2.7,10.8,4.00
490,Pete Fairbanks\fairbpe01,26,TBR,AL,2,1,.667,6.43,7,0,0,0,0,0,7.0,9,5,5,1,5,0,13,0,0,3,34,66,3.31,2.000,11.6,1.3,6.4,16.7,2.60
491,Oliver Drake\drakeol01,33,TBR,AL,0,2,.000,3.38,5,0,3,0,0,2,5.1,3,3,2,0,3,1,4,0,0,0,21,127,3.21,1.125,5.1,0.0,5.1,6.8,1.33
492,John Curtiss\curtijo02,27,TBR,AL,0,0,,0.00,1,0,0,0,0,0,2.0,0,0,0,0,0,0,4,0,0,0,6,,-0.97,0.000,0.0,0.0,0.0,18.0,
493,Yonny Chirinos\chiriyo01,26,TBR,AL,0,0,,1.04,2,2,0,0,0,0,8.2,9,2,1,1,4,0,7,1,0,0,39,402,4.64,1.500,9.3,1.0,4.2,7.3,1.75
494,Diego Castillo\castidi01,26,TBR,AL,1,0,1.000,0.00,6,0,0,0,0,0,4.2,1,0,0,0,3,0,6,0,0,0,18,,2.38,0.857,1.9,0.0,5.8,11.6,2.00
495,Jalen Beeks*\beeksja02,26,TBR,AL,0,1,.000,5.06,6,0,2,0,0,0,10.2,12,7,6,1,3,0,18,0,0,1,46,82,1.71,1.406,10.1,0.8,2.5,15.2,6.00
496,Nick Anderson\anderni01,29,TBR,AL,1,0,1.000,0.00,6,0,2,0,0,2,4.1,2,0,0,0,1,0,5,0,0,0,16,,1.41,0.692,4.2,0.0,2.1,10.4,5.00
497,Jose Alvarado*\alvarjo03,25,TBR,AL,0,0,,2.84,7,0,3,0,0,0,6.1,6,3,2,1,4,0,9,0,0,2,31,149,4.13,1.579,8.5,1.4,5.7,12.8,2.25
498,Edinson Volquez\volqued01,36,TEX,AL,1,1,.500,6.75,6,0,3,0,0,0,5.1,5,4,4,0,2,0,2,1,0,0,24,66,3.96,1.313,8.4,0.0,3.4,3.4,1.00
499,Joely Rodriguez*\rodrijo06,28,TEX,AL,0,0,,3.86,3,0,0,0,0,0,2.1,3,1,1,0,3,0,3,0,0,0,13,125,4.31,2.571,11.6,0.0,11.6,11.6,1.00
500,Joe Palumbo*\palumjo01,25,TEX,AL,0,1,.000,11.57,2,0,0,0,0,0,2.1,3,3,3,1,3,0,5,0,0,0,14,42,8.17,2.571,11.6,3.9,11.6,19.3,1.67
501,Rafael Montero\montera01,29,TEX,AL,0,0,,0.00,2,0,2,0,0,2,2.0,0,0,0,0,0,0,2,0,0,0,6,,1.03,0.000,0.0,0.0,0.0,9.0,
502,Mike Minor*\minormi01,32,TEX,AL,0,3,.000,6.89,3,3,0,0,0,0,15.2,16,13,12,2,5,0,15,0,0,0,69,62,3.73,1.340,9.2,1.1,2.9,8.6,3.00
503,Brett Martin*\martibr01,25,TEX,AL,0,0,,2.45,4,0,1,0,0,0,3.2,1,1,1,0,5,0,4,0,0,0,17,186,4.94,1.636,2.5,0.0,12.3,9.8,0.80
504,Lance Lynn\lynnla01,33,TEX,AL,2,0,1.000,1.16,4,4,0,0,0,0,23.1,10,3,3,2,12,0,30,0,0,0,90,365,3.11,0.943,3.9,0.8,4.6,11.6,2.50
505,Jordan Lyles\lylesjo01,29,TEX,AL,1,1,.500,5.56,3,2,0,0,0,0,11.1,9,7,7,1,8,0,8,0,0,1,49,77,4.88,1.500,7.1,0.8,6.4,6.4,1.00
506,Jose Leclerc\leclejo01,26,TEX,AL,0,0,,4.50,2,0,2,0,0,1,2.0,2,1,1,0,2,0,3,0,0,0,10,109,3.03,2.000,9.0,0.0,9.0,13.5,1.50
507,Corey Kluber\klubeco01,34,TEX,AL,0,0,,0.00,1,1,0,0,0,0,1.0,0,0,0,0,1,0,1,0,0,0,3,,4.03,1.000,0.0,0.0,9.0,9.0,1.00
508,Jonathan Hernandez\hernajo02,23,TEX,AL,2,0,1.000,2.00,7,0,1,0,0,0,9.0,4,2,2,0,4,0,14,1,0,0,35,216,1.58,0.889,4.0,0.0,4.0,14.0,3.50
509,Jimmy Herget\hergeji01,26,TEX,AL,0,0,,10.38,5,0,2,0,0,0,4.1,5,5,5,1,6,1,4,1,0,0,24,43,9.03,2.538,10.4,2.1,12.5,8.3,0.67
510,Taylor Hearn*\hearnta01,25,TEX,AL,0,0,,18.00,1,0,0,0,0,0,1.0,1,2,2,0,1,0,1,1,0,0,5,32,7.03,2.000,9.0,0.0,9.0,9.0,1.00
511,Nick Goody\goodyni01,28,TEX,AL,0,0,,2.70,6,0,2,0,0,1,3.1,2,1,1,1,2,0,2,0,0,1,14,171,7.53,1.200,5.4,2.7,5.4,5.4,1.00
512,Kyle Gibson\gibsoky01,32,TEX,AL,0,2,.000,4.11,3,3,0,0,0,0,15.1,18,10,7,3,6,0,15,0,0,0,69,104,4.79,1.565,10.6,1.8,3.5,8.8,2.50
513,Ian Gibaut\gibauia01,26,TEX,AL,0,1,.000,6.48,9,0,0,0,0,0,8.1,10,6,6,2,4,0,11,0,1,1,39,67,4.95,1.680,10.8,2.2,4.3,11.9,2.75
514,Luke Farrell\farrelu01,29,TEX,AL,0,0,,13.50,3,0,1,0,0,0,3.1,5,5,5,1,4,0,6,1,0,2,20,34,7.83,2.700,13.5,2.7,10.8,16.2,1.50
515,Jesse Chavez\chaveje01,36,TEX,AL,0,0,,5.87,8,0,1,0,0,0,7.2,9,5,5,3,1,0,5,0,0,0,31,74,7.20,1.304,10.6,3.5,1.2,5.9,5.00
516,Kolby Allard*\allarko01,22,TEX,AL,0,0,,1.00,2,2,0,0,0,0,9.0,4,1,1,0,3,0,9,0,0,0,35,433,2.03,0.778,4.0,0.0,3.0,9.0,3.00
517,Shun Yamaguchi\yamagsh01,32,TOR,AL,0,2,.000,21.60,3,0,3,0,0,0,1.2,3,6,4,0,4,0,2,0,0,1,12,23,7.83,4.200,16.2,0.0,21.6,10.8,0.50
518,Jacob Waguespack\wagueja01,26,TOR,AL,0,0,,0.00,4,0,1,0,0,0,5.1,3,0,0,0,5,0,6,0,0,0,23,,3.59,1.500,5.1,0.0,8.4,10.1,1.20
519,Trent Thornton\thorntr01,26,TOR,AL,0,0,,2.25,1,1,0,0,0,0,4.0,8,1,1,0,2,0,3,0,0,0,20,195,3.03,2.500,18.0,0.0,4.5,6.8,1.50
520,Matt Shoemaker\shoemma01,33,TOR,AL,0,1,.000,4.86,3,3,0,0,0,0,16.2,12,10,9,5,5,0,12,0,0,0,68,84,6.39,1.020,6.5,2.7,2.7,6.5,2.40
521,Hyun Jin Ryu*\ryuhy01,33,TOR,AL,1,1,.500,5.14,3,3,0,0,0,0,14.0,14,8,8,2,7,0,17,1,0,1,63,80,4.17,1.500,9.0,1.3,4.5,10.9,2.43
522,Jordan Romano\romanjo03,27,TOR,AL,1,0,1.000,0.00,7,0,0,0,0,0,7.0,0,0,0,0,3,0,10,0,0,0,24,,1.46,0.429,0.0,0.0,3.9,12.9,3.33
523,Tanner Roark\roarkta01,33,TOR,AL,1,1,.500,5.63,2,2,0,0,0,0,8.0,6,5,5,2,5,0,6,0,0,0,34,74,6.65,1.375,6.8,2.3,5.6,6.8,1.20
524,Nate Pearson\pearsna01,23,TOR,AL,0,0,,2.70,2,2,0,0,0,0,10.0,4,3,3,1,5,0,10,0,0,1,39,154,3.83,0.900,3.6,0.9,4.5,9.0,2.00
525,Anthony Kay*\kayan01,25,TOR,AL,1,0,1.000,1.13,3,0,0,0,0,0,8.0,5,1,1,1,1,1,8,0,0,0,30,372,3.03,0.750,5.6,1.1,1.1,9.0,8.00
526,Tom Hatch\hatchto01,25,TOR,AL,0,1,.000,3.38,4,1,1,0,0,0,8.0,3,3,3,2,4,0,8,0,0,0,30,124,5.78,0.875,3.4,2.3,4.5,9.0,2.00
527,Ken Giles\gileske01,29,TOR,AL,0,0,,10.80,2,0,1,0,0,1,1.2,1,2,2,0,4,0,3,0,0,0,10,46,6.63,3.000,5.4,0.0,21.6,16.2,0.75
528,Sam Gaviglio\gavigsa01,30,TOR,AL,0,1,.000,27.00,2,0,0,0,0,0,1.0,3,3,3,0,3,0,1,0,1,0,9,20,10.03,6.000,27.0,0.0,27.0,9.0,0.33
529,Wilmer Font\fontwi01,30,TOR,AL,0,1,.000,20.25,5,0,1,0,0,0,2.2,10,6,6,1,1,0,3,0,0,0,19,23,6.78,4.125,33.8,3.4,3.4,10.1,3.00
530,Rafael Dolis\dolisra01,32,TOR,AL,0,0,,3.00,6,0,1,0,0,0,6.0,6,3,2,1,3,0,7,0,0,1,27,142,4.36,1.500,9.0,1.5,4.5,10.5,2.33
531,A.J. Cole\coleaj01,28,TOR,AL,0,0,,0.00,5,0,1,0,0,0,5.2,2,0,0,0,1,0,6,0,0,0,19,,1.44,0.529,3.2,0.0,1.6,9.5,6.00
532,Ryan Borucki*\borucry01,26,TOR,AL,1,0,1.000,0.00,4,0,0,0,0,0,4.0,1,0,0,0,2,0,9,0,0,0,15,,0.03,0.750,2.3,0.0,4.5,20.3,4.50
533,Anthony Bass\bassan01,32,TOR,AL,0,0,,0.00,6,0,3,0,0,3,6.1,2,0,0,0,1,0,3,0,0,0,21,,2.55,0.474,2.8,0.0,1.4,4.3,3.00
534,Chase Anderson\anderch01,32,TOR,AL,0,0,,3.00,1,1,0,0,0,0,3.0,1,1,1,0,2,0,1,0,0,0,11,150,4.36,1.000,3.0,0.0,6.0,3.0,0.50
535,Brian Moran*\moranbr01,31,TOT,MLB,1,0,1.000,4.15,5,0,2,0,0,0,4.1,2,2,2,0,3,0,6,0,0,0,18,117,2.33,1.154,4.2,0.0,6.2,12.5,2.00
536,Robbie Erlin*\erlinro01,29,TOT,NL,0,0,,9.00,3,0,1,0,0,0,6.0,9,6,6,3,1,1,9,1,0,0,29,55,7.53,1.667,13.5,4.5,1.5,13.5,9.00
537,Richard Bleier*\bleieri01,33,TOT,MLB,0,0,,0.00,5,0,0,0,0,0,4.2,2,1,0,0,1,0,5,1,0,2,19,,2.17,0.643,3.9,0.0,1.9,9.6,5.00
538,Austin Voth\vothau01,28,WSN,NL,0,1,.000,1.80,2,2,0,0,0,0,10.0,6,3,2,2,1,0,7,0,0,0,37,257,4.53,0.700,5.4,1.8,0.9,6.3,7.00
539,Wander Suero\suerowa01,28,WSN,NL,0,0,,9.00,3,0,0,0,0,0,4.0,7,4,4,0,1,0,2,1,0,0,19,54,3.53,2.000,15.8,0.0,2.3,4.5,2.00
540,Stephen Strasburg\strasst01,31,WSN,NL,0,0,,10.38,1,1,0,0,0,0,4.1,7,5,5,0,1,0,2,0,0,0,20,47,2.80,1.846,14.5,0.0,2.1,4.2,2.00
541,Max Scherzer\scherma01,35,WSN,NL,0,1,.000,3.29,3,3,0,1,0,0,13.2,10,5,5,1,8,0,22,0,0,0,58,139,2.51,1.317,6.6,0.7,5.3,14.5,2.75
542,Anibal Sanchez\sanchan01,36,WSN,NL,0,2,.000,7.84,2,2,0,0,0,0,10.1,16,9,9,4,4,1,11,0,0,0,51,59,7.09,1.935,13.9,3.5,3.5,9.6,2.75
543,Tanner Rainey\raineta01,27,WSN,NL,1,0,1.000,1.35,7,0,1,0,0,0,6.2,1,1,1,1,2,1,9,0,1,1,24,349,3.18,0.450,1.4,1.4,2.7,12.2,4.50
544,Daniel Hudson\hudsoda01,33,WSN,NL,1,1,.500,5.06,5,0,3,0,0,2,5.1,3,3,3,1,2,0,7,0,0,0,20,94,3.96,0.938,5.1,1.7,3.4,11.8,3.50
545,Will Harris\harriwi10,35,WSN,NL,0,0,,6.75,2,0,0,0,0,0,1.1,3,3,1,1,2,0,2,0,0,0,10,83,14.28,3.750,20.3,6.8,13.5,13.5,1.00
546,Ryne Harper\harpery01,31,WSN,NL,1,0,1.000,3.86,7,0,2,0,0,0,7.0,7,3,3,1,3,0,9,1,0,1,31,122,4.03,1.429,9.0,1.3,3.9,11.6,3.00
547,Javy Guerra\guerrja01,34,WSN,NL,0,0,,1.23,6,0,1,0,0,0,7.1,3,1,1,1,0,0,8,0,0,0,24,382,2.62,0.409,3.7,1.2,0.0,9.8,
548,Sam Freeman*\freemsa01,33,WSN,NL,0,0,,0.00,6,0,1,0,0,0,4.1,2,0,0,0,6,1,6,0,0,0,22,,4.41,1.846,4.2,0.0,12.5,12.5,1.00
549,Kyle Finnegan\finneky01,28,WSN,NL,0,0,,0.00,3,0,1,0,0,0,3.2,2,0,0,0,0,0,1,0,0,0,13,,2.48,0.545,4.9,0.0,0.0,2.5,
550,Erick Fedde\feddeer01,27,WSN,NL,0,1,.000,3.48,3,2,0,0,0,0,10.1,13,5,4,2,6,0,4,0,0,0,50,133,6.51,1.839,11.3,1.7,5.2,3.5,0.67
551,Sean Doolittle*\doolise01,33,WSN,NL,0,1,.000,15.00,5,0,1,0,0,0,3.0,7,5,5,3,2,0,2,0,0,0,18,33,16.69,3.000,21.0,9.0,6.0,6.0,1.00
552,Patrick Corbin*\corbipa01,30,WSN,NL,2,0,1.000,2.50,3,3,0,0,0,0,18.0,15,6,5,2,3,0,20,0,0,0,72,183,2.75,1.000,7.5,1.0,1.5,10.0,6.67
553,James Bourque\bourqja01,26,WSN,NL,0,0,,0.00,2,0,1,0,0,0,1.1,1,0,0,0,1,0,0,0,0,1,6,,5.28,1.500,6.8,0.0,6.8,0.0,0.00
554,LgAvg per 180 IP,,,,10,10,.501,4.23,95,20,20,0,0,6,180,158,92,85,26,71,2,181,10,1,8,764,106,4.23,1.271,7.9,1.3,3.5,9.0,2.56